term;normalized;game_id;item_id;item_type;canonical_name;weight
call of duty 4 remastered;call of duty 4 remastered;call_of_duty_modern_warfare_remastered;call_of_duty_modern_warfare_remastered;game;Call of Duty Modern Warfare Remastered;917
Call of Duty Modern Warfare Remastered;call of duty modern warfare remastered;call_of_duty_modern_warfare_remastered;call_of_duty_modern_warfare_remastered;game;Call of Duty Modern Warfare Remastered;917
cod 4 remastered;cod 4 remastered;call_of_duty_modern_warfare_remastered;call_of_duty_modern_warfare_remastered;game;Call of Duty Modern Warfare Remastered;917
cod modern warfare remastered;cod modern warfare remastered;call_of_duty_modern_warfare_remastered;call_of_duty_modern_warfare_remastered;game;Call of Duty Modern Warfare Remastered;917
modern warfare remastered;modern warfare remastered;call_of_duty_modern_warfare_remastered;call_of_duty_modern_warfare_remastered;game;Call of Duty Modern Warfare Remastered;917
mw remastered;mw remastered;call_of_duty_modern_warfare_remastered;call_of_duty_modern_warfare_remastered;game;Call of Duty Modern Warfare Remastered;917
mwr;mwr;call_of_duty_modern_warfare_remastered;call_of_duty_modern_warfare_remastered;game;Call of Duty Modern Warfare Remastered;917
Call of Duty Modern Warfare 2;call of duty modern warfare 2;call_of_duty_modern_warfare_2;call_of_duty_modern_warfare_2;game;Call of Duty Modern Warfare 2;909
call of duty modern warfare 2-2000/;call of duty modern warfare 2 2000;call_of_duty_modern_warfare_2;call_of_duty_modern_warfare_2;game;Call of Duty Modern Warfare 2;909
call of duty modern warfare -2400/;call of duty modern warfare 2400;call_of_duty_modern_warfare_2;call_of_duty_modern_warfare_2;game;Call of Duty Modern Warfare 2;909
cod modern warfare 2;cod modern warfare 2;call_of_duty_modern_warfare_2;call_of_duty_modern_warfare_2;game;Call of Duty Modern Warfare 2;909
modern warfare 2;modern warfare 2;call_of_duty_modern_warfare_2;call_of_duty_modern_warfare_2;game;Call of Duty Modern Warfare 2;909
modern warfare 2 2022;modern warfare 2 2022;call_of_duty_modern_warfare_2;call_of_duty_modern_warfare_2;game;Call of Duty Modern Warfare 2;909
modern warfare ii;modern warfare ii;call_of_duty_modern_warfare_2;call_of_duty_modern_warfare_2;game;Call of Duty Modern Warfare 2;909
mw ii;mw ii;call_of_duty_modern_warfare_2;call_of_duty_modern_warfare_2;game;Call of Duty Modern Warfare 2;909
mw2;mw2;call_of_duty_modern_warfare_2;call_of_duty_modern_warfare_2;game;Call of Duty Modern Warfare 2;909
Call of Duty Modern Warfare 3;call of duty modern warfare 3;call_of_duty_modern_warfare_3;call_of_duty_modern_warfare_3;game;Call of Duty Modern Warfare 3;893
cod modern warfare 3;cod modern warfare 3;call_of_duty_modern_warfare_3;call_of_duty_modern_warfare_3;game;Call of Duty Modern Warfare 3;893
modern warfare 3;modern warfare 3;call_of_duty_modern_warfare_3;call_of_duty_modern_warfare_3;game;Call of Duty Modern Warfare 3;893
modern warfare 3 2023;modern warfare 3 2023;call_of_duty_modern_warfare_3;call_of_duty_modern_warfare_3;game;Call of Duty Modern Warfare 3;893
modern warfare iii;modern warfare iii;call_of_duty_modern_warfare_3;call_of_duty_modern_warfare_3;game;Call of Duty Modern Warfare 3;893
mw iii;mw iii;call_of_duty_modern_warfare_3;call_of_duty_modern_warfare_3;game;Call of Duty Modern Warfare 3;893
mw3;mw3;call_of_duty_modern_warfare_3;call_of_duty_modern_warfare_3;game;Call of Duty Modern Warfare 3;893
re 4 remake;re 4 remake;resident_evil_4_remake;resident_evil_4_remake;game;Resident Evil 4 Remake;891
re4;re4;resident_evil_4_remake;resident_evil_4_remake;game;Resident Evil 4 Remake;891
re4 remake;re4 remake;resident_evil_4_remake;resident_evil_4_remake;game;Resident Evil 4 Remake;891
resident evil 4;resident evil 4;resident_evil_4_remake;resident_evil_4_remake;game;Resident Evil 4 Remake;891
Resident Evil 4 Remake;resident evil 4 remake;resident_evil_4_remake;resident_evil_4_remake;game;Resident Evil 4 Remake;891
resident evil 4 remastered;resident evil 4 remastered;resident_evil_4_remake;resident_evil_4_remake;game;Resident Evil 4 Remake;891
rdr 2;rdr 2;red_dead_redemption_2;red_dead_redemption_2;game;Red Dead Redemption 2;890
rdr 2 рs4 совместим рs;rdr 2 ps4 cobmectиm ps;red_dead_redemption_2;red_dead_redemption_2;game;Red Dead Redemption 2;890
rdr 2 read dead redemption;rdr 2 read dead redemption;red_dead_redemption_2;red_dead_redemption_2;game;Red Dead Redemption 2;890
rdr 2 ,red dead redemption;rdr 2 red dead redemption;red_dead_redemption_2;red_dead_redemption_2;game;Red Dead Redemption 2;890
rdr ii;rdr ii;red_dead_redemption_2;red_dead_redemption_2;game;Red Dead Redemption 2;890
rdr2;rdr2;red_dead_redemption_2;red_dead_redemption_2;game;Red Dead Redemption 2;890
red dead 2;red dead 2;red_dead_redemption_2;red_dead_redemption_2;game;Red Dead Redemption 2;890
Red Dead Redemption 2;red dead redemption 2;red_dead_redemption_2;red_dead_redemption_2;game;Red Dead Redemption 2;890
God Of War;god of war;god_of_war;god_of_war;game;God Of War;881
god of war 4;god of war 4;god_of_war;god_of_war;game;God Of War;881
god war ps4;god war ps4;god_of_war;god_of_war;game;God Of War;881
бог войны;бoг boйhы;god_of_war;god_of_war;game;God Of War;881
cyberpunk;cyberpunk;cyberpunk_2077;cyberpunk_2077;game;Cyberpunk 2077;866
Cyberpunk 2077;cyberpunk 2077;cyberpunk_2077;cyberpunk_2077;game;Cyberpunk 2077;866
elder scrolls 5 skyrim;elder scrolls 5 skyrim;skyrim;skyrim;game;Skyrim;866
❌elder scrolls 5 skyrim special edition;elder scrolls 5 skyrim special edition;skyrim;skyrim;game;Skyrim;866
киберпанк 2077;kибepпahk 2077;cyberpunk_2077;cyberpunk_2077;game;Cyberpunk 2077;866
Skyrim;skyrim;skyrim;skyrim;game;Skyrim;866
skyrim anniversary edition;skyrim anniversary edition;skyrim;skyrim;game;Skyrim;866
skyrim special edition;skyrim special edition;skyrim;skyrim;game;Skyrim;866
skyrim v;skyrim v;skyrim;skyrim;game;Skyrim;866
🎮the elder scrolls v: skyrim;the elder scrolls v skyrim;skyrim;skyrim;game;Skyrim;866
black ops 3;black ops 3;call_of_duty_black_ops_3;call_of_duty_black_ops_3;game;Call of Duty Black Ops 3;859
black ops iii;black ops iii;call_of_duty_black_ops_3;call_of_duty_black_ops_3;game;Call of Duty Black Ops 3;859
bo3;bo3;call_of_duty_black_ops_3;call_of_duty_black_ops_3;game;Call of Duty Black Ops 3;859
Call of Duty Black Ops 3;call of duty black ops 3;call_of_duty_black_ops_3;call_of_duty_black_ops_3;game;Call of Duty Black Ops 3;859
call of duty black ops iii;call of duty black ops iii;call_of_duty_black_ops_3;call_of_duty_black_ops_3;game;Call of Duty Black Ops 3;859
cod black ops 3;cod black ops 3;call_of_duty_black_ops_3;call_of_duty_black_ops_3;game;Call of Duty Black Ops 3;859
cod bo3;cod bo3;call_of_duty_black_ops_3;call_of_duty_black_ops_3;game;Call of Duty Black Ops 3;859
far cry 4;far cry 4;far_cry_4_limited_edition;far_cry_4_limited_edition;game;Far Cry 4 Limited Edition;856
far cry 4 limited;far cry 4 limited;far_cry_4_limited_edition;far_cry_4_limited_edition;game;Far Cry 4 Limited Edition;856
Far Cry 4 Limited Edition;far cry 4 limited edition;far_cry_4_limited_edition;far_cry_4_limited_edition;game;Far Cry 4 Limited Edition;856
L.A. Noire;l a noire;l_a_noire;l_a_noire;game;L.A. Noire;838
la noire;la noire;l_a_noire;l_a_noire;game;L.A. Noire;838
Elden Ring;elden ring;elden_ring;elden_ring;game;Elden Ring;831
elden ring ps4;elden ring ps4;elden_ring;elden_ring;game;Elden Ring;831
elden ring ps5;elden ring ps5;elden_ring;elden_ring;game;Elden Ring;831
Hogwarts Legacy;hogwarts legacy;hogwarts_legacy;hogwarts_legacy;game;Hogwarts Legacy;829
hogwarts ps4;hogwarts ps4;hogwarts_legacy;hogwarts_legacy;game;Hogwarts Legacy;829
hogwarts ps5;hogwarts ps5;hogwarts_legacy;hogwarts_legacy;game;Hogwarts Legacy;829
хогвартс legacy;xoгbaptc legacy;hogwarts_legacy;hogwarts_legacy;game;Hogwarts Legacy;829
хогвартс легаси;xoгbaptc лeгacи;hogwarts_legacy;hogwarts_legacy;game;Hogwarts Legacy;829
обитель зла 6;oбиteль злa 6;resident_evil_6;resident_evil_6;game;Resident Evil 6;827
резик 6;peзиk 6;resident_evil_6;resident_evil_6;game;Resident Evil 6;827
резидент ивел 6;peзидeht иbeл 6;resident_evil_6;resident_evil_6;game;Resident Evil 6;827
резидент эвил 6;peзидeht эbил 6;resident_evil_6;resident_evil_6;game;Resident Evil 6;827
re 6;re 6;resident_evil_6;resident_evil_6;game;Resident Evil 6;827
re6;re6;resident_evil_6;resident_evil_6;game;Resident Evil 6;827
Resident Evil 6;resident evil 6;resident_evil_6;resident_evil_6;game;Resident Evil 6;827
resident evil vi;resident evil vi;resident_evil_6;resident_evil_6;game;Resident Evil 6;827
god of war ragnarek;god of war ragnarek;god_of_war_ragnarok;god_of_war_ragnarok;game;God Of War Ragnarok;826
God Of War Ragnarok;god of war ragnarok;god_of_war_ragnarok;god_of_war_ragnarok;game;God Of War Ragnarok;826
ragnarok ps4;ragnarok ps4;god_of_war_ragnarok;god_of_war_ragnarok;game;God Of War Ragnarok;826
ragnarok ps5;ragnarok ps5;god_of_war_ragnarok;god_of_war_ragnarok;game;God Of War Ragnarok;826
бог войны рагнарок;бoг boйhы paгhapok;god_of_war_ragnarok;god_of_war_ragnarok;game;God Of War Ragnarok;826
Spider-Man Game of the Year;spider man game of the year;spider_man_game_of_the_year;spider_man_game_of_the_year;game;Spider-Man Game of the Year;815
spider-man goty;spider man goty;spider_man_game_of_the_year;spider_man_game_of_the_year;game;Spider-Man Game of the Year;815
человек паук издание игра года;чeлobek пayk издahиe игpa гoдa;spider_man_game_of_the_year;spider_man_game_of_the_year;game;Spider-Man Game of the Year;815
sims 4;sims 4;the_sims_4;the_sims_4;game;The Sims 4;803
The Sims 4;the sims 4;the_sims_4;the_sims_4;game;The Sims 4;803
Ghost Of Tsushima;ghost of tsushima;ghost_of_tsushima;ghost_of_tsushima;game;Ghost Of Tsushima;802
ghost of tushima;ghost of tushima;ghost_of_tsushima;ghost_of_tsushima;game;Ghost Of Tsushima;802
ghost tsushima;ghost tsushima;ghost_of_tsushima;ghost_of_tsushima;game;Ghost Of Tsushima;802
призрак цусимы;пpизpak цycиmы;ghost_of_tsushima;ghost_of_tsushima;game;Ghost Of Tsushima;802
Call Of Duty Infinite Warfare;call of duty infinite warfare;call_of_duty_infinite_warfare;call_of_duty_infinite_warfare;game;Call Of Duty Infinite Warfare;800
cod infinite warfare;cod infinite warfare;call_of_duty_infinite_warfare;call_of_duty_infinite_warfare;game;Call Of Duty Infinite Warfare;800
infinite warfare;infinite warfare;call_of_duty_infinite_warfare;call_of_duty_infinite_warfare;game;Call Of Duty Infinite Warfare;800
infiniti warfare;infiniti warfare;call_of_duty_infinite_warfare;call_of_duty_infinite_warfare;game;Call Of Duty Infinite Warfare;800
infinity warfare;infinity warfare;call_of_duty_infinite_warfare;call_of_duty_infinite_warfare;game;Call Of Duty Infinite Warfare;800
legacy edition infinite warfare;legacy edition infinite warfare;call_of_duty_infinite_warfare;call_of_duty_infinite_warfare;game;Call Of Duty Infinite Warfare;800
майлз моралес;maйлз mopaлec;spider_man_miles_morales;spider_man_miles_morales;game;Spider Man Miles Morales;798
miles morales;miles morales;spider_man_miles_morales;spider_man_miles_morales;game;Spider Man Miles Morales;798
Spider Man Miles Morales;spider man miles morales;spider_man_miles_morales;spider_man_miles_morales;game;Spider Man Miles Morales;798
mafia 1 2 3;mafia 1 2 3;mafia_trilogy;mafia_trilogy;game;Mafia Trilogy;790
mafia definitive trilogy;mafia definitive trilogy;mafia_trilogy;mafia_trilogy;game;Mafia Trilogy;790
Mafia Trilogy;mafia trilogy;mafia_trilogy;mafia_trilogy;game;Mafia Trilogy;790
мафия trilogy;maфия trilogy;mafia_trilogy;mafia_trilogy;game;Mafia Trilogy;790
advanced warfare;advanced warfare;call_of_duty_advanced_warfare;call_of_duty_advanced_warfare;game;Call Of Duty Advanced Warfare;789
advanced warfare ps4;advanced warfare ps4;call_of_duty_advanced_warfare;call_of_duty_advanced_warfare;game;Call Of Duty Advanced Warfare;789
advanced warfire;advanced warfire;call_of_duty_advanced_warfare;call_of_duty_advanced_warfare;game;Call Of Duty Advanced Warfare;789
adwanced warfare;adwanced warfare;call_of_duty_advanced_warfare;call_of_duty_advanced_warfare;game;Call Of Duty Advanced Warfare;789
Call Of Duty Advanced Warfare;call of duty advanced warfare;call_of_duty_advanced_warfare;call_of_duty_advanced_warfare;game;Call Of Duty Advanced Warfare;789
cod advanced warfare;cod advanced warfare;call_of_duty_advanced_warfare;call_of_duty_advanced_warfare;game;Call Of Duty Advanced Warfare;789
Nier Automata;nier automata;nier_automata;nier_automata;game;Nier Automata;777
nier automata game of the yorha;nier automata game of the yorha;nier_automata;nier_automata;game;Nier Automata;777
ретчет кланк;petчet kлahk;ratchet_and_clank;ratchet_and_clank;game;Ratchet And Clank;765
ретчет и кланк;petчet и kлahk;ratchet_and_clank;ratchet_and_clank;game;Ratchet And Clank;765
рэтчет кланк;pэtчet kлahk;ratchet_and_clank;ratchet_and_clank;game;Ratchet And Clank;765
рэтчет и кланк;pэtчet и kлahk;ratchet_and_clank;ratchet_and_clank;game;Ratchet And Clank;765
Ratchet And Clank;ratchet and clank;ratchet_and_clank;ratchet_and_clank;game;Ratchet And Clank;765
ratchet clank;ratchet clank;ratchet_and_clank;ratchet_and_clank;game;Ratchet And Clank;765
ratchet clank ps4;ratchet clank ps4;ratchet_and_clank;ratchet_and_clank;game;Ratchet And Clank;765
ratchet clank диск;ratchet clank диck;ratchet_and_clank;ratchet_and_clank;game;Ratchet And Clank;765
ratchet clark;ratchet clark;ratchet_and_clank;ratchet_and_clank;game;Ratchet And Clank;765
ratchet clark ps4;ratchet clark ps4;ratchet_and_clank;ratchet_and_clank;game;Ratchet And Clank;765
re 2 remake;re 2 remake;resident_evil_2_remake;resident_evil_2_remake;game;Resident Evil 2 Remake;765
re2;re2;resident_evil_2_remake;resident_evil_2_remake;game;Resident Evil 2 Remake;765
re2 remake;re2 remake;resident_evil_2_remake;resident_evil_2_remake;game;Resident Evil 2 Remake;765
resident evil 2;resident evil 2;resident_evil_2_remake;resident_evil_2_remake;game;Resident Evil 2 Remake;765
Resident Evil 2 Remake;resident evil 2 remake;resident_evil_2_remake;resident_evil_2_remake;game;Resident Evil 2 Remake;765
dark souls 1 remastered;dark souls 1 remastered;dark_souls_remastered;dark_souls_remastered;game;Dark Souls Remastered;764
dark souls i remastered;dark souls i remastered;dark_souls_remastered;dark_souls_remastered;game;Dark Souls Remastered;764
dark souls remaster;dark souls remaster;dark_souls_remastered;dark_souls_remastered;game;Dark Souls Remastered;764
Dark Souls Remastered;dark souls remastered;dark_souls_remastered;dark_souls_remastered;game;Dark Souls Remastered;764
нужен второй;hyжeh btopoй;it_takes_two;it_takes_two;game;It Takes Two;763
нужны двое;hyжhы дboe;it_takes_two;it_takes_two;game;It Takes Two;763
it take two;it take two;it_takes_two;it_takes_two;game;It Takes Two;763
it takes 2;it takes 2;it_takes_two;it_takes_two;game;It Takes Two;763
It Takes Two;it takes two;it_takes_two;it_takes_two;game;It Takes Two;763
takes two;takes two;it_takes_two;it_takes_two;game;It Takes Two;763
ит тейк ту;иt teйk ty;it_takes_two;it_takes_two;game;It Takes Two;763
ит тейкс 2;иt teйkc 2;it_takes_two;it_takes_two;game;It Takes Two;763
ит тейкс ту;иt teйkc ty;it_takes_two;it_takes_two;game;It Takes Two;763
re 3 remake;re 3 remake;resident_evil_3_remake;resident_evil_3_remake;game;Resident Evil 3 Remake;758
re3;re3;resident_evil_3_remake;resident_evil_3_remake;game;Resident Evil 3 Remake;758
re3 remake;re3 remake;resident_evil_3_remake;resident_evil_3_remake;game;Resident Evil 3 Remake;758
resident evil 3;resident evil 3;resident_evil_3_remake;resident_evil_3_remake;game;Resident Evil 3 Remake;758
Resident Evil 3 Remake;resident evil 3 remake;resident_evil_3_remake;resident_evil_3_remake;game;Resident Evil 3 Remake;758
black ops 4;black ops 4;call_of_duty_black_ops_4;call_of_duty_black_ops_4;game;Call of Duty Black Ops 4;755
black ops iv;black ops iv;call_of_duty_black_ops_4;call_of_duty_black_ops_4;game;Call of Duty Black Ops 4;755
bo4;bo4;call_of_duty_black_ops_4;call_of_duty_black_ops_4;game;Call of Duty Black Ops 4;755
Call of Duty Black Ops 4;call of duty black ops 4;call_of_duty_black_ops_4;call_of_duty_black_ops_4;game;Call of Duty Black Ops 4;755
call of duty black ops iv;call of duty black ops iv;call_of_duty_black_ops_4;call_of_duty_black_ops_4;game;Call of Duty Black Ops 4;755
cod black ops 4;cod black ops 4;call_of_duty_black_ops_4;call_of_duty_black_ops_4;game;Call of Duty Black Ops 4;755
cod bo4;cod bo4;call_of_duty_black_ops_4;call_of_duty_black_ops_4;game;Call of Duty Black Ops 4;755
Far Cry 6;far cry 6;far_cry_6;far_cry_6;game;Far Cry 6;747
farcry 6;farcry 6;far_cry_6;far_cry_6;game;Far Cry 6;747
farcry6;farcry6;far_cry_6;far_cry_6;game;Far Cry 6;747
фар край 6;фap kpaй 6;far_cry_6;far_cry_6;game;Far Cry 6;747
фаркрай 6;фapkpaй 6;far_cry_6;far_cry_6;game;Far Cry 6;747
Gran Turismo 7;gran turismo 7;gran_turismo_7;gran_turismo_7;game;Gran Turismo 7;745
grand turismo 7;grand turismo 7;gran_turismo_7;gran_turismo_7;game;Gran Turismo 7;745
gt7;gt7;gran_turismo_7;gran_turismo_7;game;Gran Turismo 7;745
last of us 2;last of us 2;the_last_of_us_part_ii;the_last_of_us_part_ii;game;The Last of Us Part II;745
the last of us 2;the last of us 2;the_last_of_us_part_ii;the_last_of_us_part_ii;game;The Last of Us Part II;745
the last of us 2 remastered;the last of us 2 remastered;the_last_of_us_part_ii;the_last_of_us_part_ii;game;The Last of Us Part II;745
The Last of Us Part II;the last of us part ii;the_last_of_us_part_ii;the_last_of_us_part_ii;game;The Last of Us Part II;745
tlou 2;tlou 2;the_last_of_us_part_ii;the_last_of_us_part_ii;game;The Last of Us Part II;745
last of us 1;last of us 1;the_last_of_us_remastered;the_last_of_us_remastered;game;The Last of Us Remastered;743
last of us remastered;last of us remastered;the_last_of_us_remastered;the_last_of_us_remastered;game;The Last of Us Remastered;743
the last of us 1;the last of us 1;the_last_of_us_remastered;the_last_of_us_remastered;game;The Last of Us Remastered;743
The Last of Us Remastered;the last of us remastered;the_last_of_us_remastered;the_last_of_us_remastered;game;The Last of Us Remastered;743
dark souls 2;dark souls 2;dark_souls_2_scholar_of_the_first_sin;dark_souls_2_scholar_of_the_first_sin;game;Dark Souls 2 Scholar of the First Sin;740
Dark Souls 2 Scholar of the First Sin;dark souls 2 scholar of the first sin;dark_souls_2_scholar_of_the_first_sin;dark_souls_2_scholar_of_the_first_sin;game;Dark Souls 2 Scholar of the First Sin;740
dark souls ii;dark souls ii;dark_souls_2_scholar_of_the_first_sin;dark_souls_2_scholar_of_the_first_sin;game;Dark Souls 2 Scholar of the First Sin;740
dark souls ii scholar of the first sin;dark souls ii scholar of the first sin;dark_souls_2_scholar_of_the_first_sin;dark_souls_2_scholar_of_the_first_sin;game;Dark Souls 2 Scholar of the First Sin;740
scholar of the first sin;scholar of the first sin;dark_souls_2_scholar_of_the_first_sin;dark_souls_2_scholar_of_the_first_sin;game;Dark Souls 2 Scholar of the First Sin;740
Dark Souls 3;dark souls 3;dark_souls_3;dark_souls_3;game;Dark Souls 3;732
dark souls 3 the fire fades;dark souls 3 the fire fades;dark_souls_3;dark_souls_3;game;Dark Souls 3;732
dark souls iii;dark souls iii;dark_souls_3;dark_souls_3;game;Dark Souls 3;732
the fire fades edition;the fire fades edition;dark_souls_3;dark_souls_3;game;Dark Souls 3;732
re village;re village;resident_evil_village;resident_evil_village;game;Resident Evil Village;717
re8;re8;resident_evil_village;resident_evil_village;game;Resident Evil Village;717
resident evil 8;resident evil 8;resident_evil_village;resident_evil_village;game;Resident Evil Village;717
Resident Evil Village;resident evil village;resident_evil_village;resident_evil_village;game;Resident Evil Village;717
village resident evil;village resident evil;resident_evil_village;resident_evil_village;game;Resident Evil Village;717
tomb raider definitive;tomb raider definitive;tomb_raider_definitive_edition;tomb_raider_definitive_edition;game;Tomb Raider Definitive Edition;716
Tomb Raider Definitive Edition;tomb raider definitive edition;tomb_raider_definitive_edition;tomb_raider_definitive_edition;game;Tomb Raider Definitive Edition;716
tomb raider ps4;tomb raider ps4;tomb_raider_definitive_edition;tomb_raider_definitive_edition;game;Tomb Raider Definitive Edition;716
томб райдер definitive edition;tomб paйдep definitive edition;tomb_raider_definitive_edition;tomb_raider_definitive_edition;game;Tomb Raider Definitive Edition;716
лара крофт definitive edition;лapa kpoфt definitive edition;tomb_raider_definitive_edition;tomb_raider_definitive_edition;game;Tomb Raider Definitive Edition;716
лара крофт tomb raider;лapa kpoфt tomb raider;tomb_raider_definitive_edition;tomb_raider_definitive_edition;game;Tomb Raider Definitive Edition;716
black ops 6;black ops 6;call_of_duty_black_ops_6;call_of_duty_black_ops_6;game;Call of Duty Black Ops 6;712
bo6;bo6;call_of_duty_black_ops_6;call_of_duty_black_ops_6;game;Call of Duty Black Ops 6;712
Call of Duty Black Ops 6;call of duty black ops 6;call_of_duty_black_ops_6;call_of_duty_black_ops_6;game;Call of Duty Black Ops 6;712
cod black ops 6;cod black ops 6;call_of_duty_black_ops_6;call_of_duty_black_ops_6;game;Call of Duty Black Ops 6;712
cod bo6;cod bo6;call_of_duty_black_ops_6;call_of_duty_black_ops_6;game;Call of Duty Black Ops 6;712
Bloodborne;bloodborne;bloodborne;bloodborne;game;Bloodborne;707
bloodborne game of the year;bloodborne game of the year;bloodborne;bloodborne;game;Bloodborne;707
bloodborne goty;bloodborne goty;bloodborne;bloodborne;game;Bloodborne;707
dlight;dlight;dying_light;dying_light;game;Dying Light;700
Dying Light;dying light;dying_light;dying_light;game;Dying Light;700
dying light enhanced edition;dying light enhanced edition;dying_light;dying_light;game;Dying Light;700
dying light the following;dying light the following;dying_light;dying_light;game;Dying Light;700
даинг лайт;дaиhг лaйt;dying_light;dying_light;game;Dying Light;700
даинглайт;дaиhглaйt;dying_light;dying_light;game;Dying Light;700
дайинг лайт;дaйиhг лaйt;dying_light;dying_light;game;Dying Light;700
соулсы трилогия;coyлcы tpилoгия;dark_souls_trilogy;dark_souls_trilogy;game;Dark Souls Trilogy;693
dark souls трилогия;dark souls tpилoгия;dark_souls_trilogy;dark_souls_trilogy;game;Dark Souls Trilogy;693
Dark Souls Trilogy;dark souls trilogy;dark_souls_trilogy;dark_souls_trilogy;game;Dark Souls Trilogy;693
дарк соулс трилогия;дapk coyлc tpилoгия;dark_souls_trilogy;dark_souls_trilogy;game;Dark Souls Trilogy;693
crash racing;crash racing;crash_team_racing_nitro_fueled;crash_team_racing_nitro_fueled;game;Crash Team Racing Nitro-Fueled;692
crash team racing;crash team racing;crash_team_racing_nitro_fueled;crash_team_racing_nitro_fueled;game;Crash Team Racing Nitro-Fueled;692
Crash Team Racing Nitro-Fueled;crash team racing nitro fueled;crash_team_racing_nitro_fueled;crash_team_racing_nitro_fueled;game;Crash Team Racing Nitro-Fueled;692
ctr crash nitro fueled;ctr crash nitro fueled;crash_team_racing_nitro_fueled;crash_team_racing_nitro_fueled;game;Crash Team Racing Nitro-Fueled;692
ctr nitro fueled;ctr nitro fueled;crash_team_racing_nitro_fueled;crash_team_racing_nitro_fueled;game;Crash Team Racing Nitro-Fueled;692
краш тим рейсинг;kpaш tиm peйcиhг;crash_team_racing_nitro_fueled;crash_team_racing_nitro_fueled;game;Crash Team Racing Nitro-Fueled;692
краш гонки;kpaш гohkи;crash_team_racing_nitro_fueled;crash_team_racing_nitro_fueled;game;Crash Team Racing Nitro-Fueled;692
ас вальгалла;ac baльгaллa;assassin_s_creed_valhalla;assassin_s_creed_valhalla;game;Assassin S Creed Valhalla;691
ac valhalla;ac valhalla;assassin_s_creed_valhalla;assassin_s_creed_valhalla;game;Assassin S Creed Valhalla;691
ассассин крид вальгалла;accaccиh kpид baльгaллa;assassin_s_creed_valhalla;assassin_s_creed_valhalla;game;Assassin S Creed Valhalla;691
ассасин крид вальгалла;accacиh kpид baльгaллa;assassin_s_creed_valhalla;assassin_s_creed_valhalla;game;Assassin S Creed Valhalla;691
assassin creed valhalla;assassin creed valhalla;assassin_s_creed_valhalla;assassin_s_creed_valhalla;game;Assassin S Creed Valhalla;691
Assassin S Creed Valhalla;assassin s creed valhalla;assassin_s_creed_valhalla;assassin_s_creed_valhalla;game;Assassin S Creed Valhalla;691
assassins creed valhalla;assassins creed valhalla;assassin_s_creed_valhalla;assassin_s_creed_valhalla;game;Assassin S Creed Valhalla;691
black ops cold war;black ops cold war;call_of_duty_black_ops_cold_war;call_of_duty_black_ops_cold_war;game;Call Of Duty Black Ops Cold War;682
bo cold war;bo cold war;call_of_duty_black_ops_cold_war;call_of_duty_black_ops_cold_war;game;Call Of Duty Black Ops Cold War;682
Call Of Duty Black Ops Cold War;call of duty black ops cold war;call_of_duty_black_ops_cold_war;call_of_duty_black_ops_cold_war;game;Call Of Duty Black Ops Cold War;682
cod cold war;cod cold war;call_of_duty_black_ops_cold_war;call_of_duty_black_ops_cold_war;game;Call Of Duty Black Ops Cold War;682
cold war;cold war;call_of_duty_black_ops_cold_war;call_of_duty_black_ops_cold_war;game;Call Of Duty Black Ops Cold War;682
sekiro;sekiro;sekiro_shadows_die_twice;sekiro_shadows_die_twice;game;Sekiro Shadows Die Twice;675
sekiro ps4;sekiro ps4;sekiro_shadows_die_twice;sekiro_shadows_die_twice;game;Sekiro Shadows Die Twice;675
Sekiro Shadows Die Twice;sekiro shadows die twice;sekiro_shadows_die_twice;sekiro_shadows_die_twice;game;Sekiro Shadows Die Twice;675
Call Of Duty Vanguard;call of duty vanguard;call_of_duty_vanguard;call_of_duty_vanguard;game;Call Of Duty Vanguard;670
cod vanguard;cod vanguard;call_of_duty_vanguard;call_of_duty_vanguard;game;Call Of Duty Vanguard;670
соник фронтиерс;cohиk фpohtиepc;sonic_frontiers;sonic_frontiers;game;Sonic Frontiers;670
соник фронтирс;cohиk фpohtиpc;sonic_frontiers;sonic_frontiers;game;Sonic Frontiers;670
Silent Hill 2;silent hill 2;silent_hill_2;silent_hill_2;game;Silent Hill 2;670
silent hill 2 remake;silent hill 2 remake;silent_hill_2;silent_hill_2;game;Silent Hill 2;670
Sonic Frontiers;sonic frontiers;sonic_frontiers;sonic_frontiers;game;Sonic Frontiers;670
vanguard ps4;vanguard ps4;call_of_duty_vanguard;call_of_duty_vanguard;game;Call Of Duty Vanguard;670
vanguard ps5;vanguard ps5;call_of_duty_vanguard;call_of_duty_vanguard;game;Call Of Duty Vanguard;670
Call Of Duty Ghosts;call of duty ghosts;call_of_duty_ghosts;call_of_duty_ghosts;game;Call Of Duty Ghosts;666
cod ghost;cod ghost;call_of_duty_ghosts;call_of_duty_ghosts;game;Call Of Duty Ghosts;666
cod ghosts;cod ghosts;call_of_duty_ghosts;call_of_duty_ghosts;game;Call Of Duty Ghosts;666
ghosts ps4;ghosts ps4;call_of_duty_ghosts;call_of_duty_ghosts;game;Call Of Duty Ghosts;666
bloodborne game of the year;bloodborne game of the year;bloodborne_game_of_the_year_edition;bloodborne_game_of_the_year_edition;game;Bloodborne Game Of The Year Edition;661
Bloodborne Game Of The Year Edition;bloodborne game of the year edition;bloodborne_game_of_the_year_edition;bloodborne_game_of_the_year_edition;game;Bloodborne Game Of The Year Edition;661
bloodborne goty;bloodborne goty;bloodborne_game_of_the_year_edition;bloodborne_game_of_the_year_edition;game;Bloodborne Game Of The Year Edition;661
p5 royal;p5 royal;persona_5_royal;persona_5_royal;game;Persona 5 Royal;661
persona 5;persona 5;persona_5_royal;persona_5_royal;game;Persona 5 Royal;661
Persona 5 Royal;persona 5 royal;persona_5_royal;persona_5_royal;game;Persona 5 Royal;661
sniper contracts 2;sniper contracts 2;sniper_ghost_warrior_contracts_2;sniper_ghost_warrior_contracts_2;game;Sniper Ghost Warrior Contracts 2;661
sniper ghost contracts 2;sniper ghost contracts 2;sniper_ghost_warrior_contracts_2;sniper_ghost_warrior_contracts_2;game;Sniper Ghost Warrior Contracts 2;661
Sniper Ghost Warrior Contracts 2;sniper ghost warrior contracts 2;sniper_ghost_warrior_contracts_2;sniper_ghost_warrior_contracts_2;game;Sniper Ghost Warrior Contracts 2;661
бладборн game of the year;блaдбoph game of the year;bloodborne_game_of_the_year_edition;bloodborne_game_of_the_year_edition;game;Bloodborne Game Of The Year Edition;661
бладборн goty;блaдбoph goty;bloodborne_game_of_the_year_edition;bloodborne_game_of_the_year_edition;game;Bloodborne Game Of The Year Edition;661
UFC;ufc;ufc;ufc;game;UFC;660
Call Of Duty Modern Warfare;call of duty modern warfare;call_of_duty_modern_warfare;call_of_duty_modern_warfare;game;Call Of Duty Modern Warfare;659
cod modern warfare;cod modern warfare;call_of_duty_modern_warfare;call_of_duty_modern_warfare;game;Call Of Duty Modern Warfare;659
modern warfare 2019;modern warfare 2019;call_of_duty_modern_warfare;call_of_duty_modern_warfare;game;Call Of Duty Modern Warfare;659
modern warfare ps4;modern warfare ps4;call_of_duty_modern_warfare;call_of_duty_modern_warfare;game;Call Of Duty Modern Warfare;659
mw 2019;mw 2019;call_of_duty_modern_warfare;call_of_duty_modern_warfare;game;Call Of Duty Modern Warfare;659
mw2019;mw2019;call_of_duty_modern_warfare;call_of_duty_modern_warfare;game;Call Of Duty Modern Warfare;659
call of duty ww2;call of duty ww2;call_of_duty_wwii;call_of_duty_wwii;game;Call Of Duty Wwii;656
Call Of Duty Wwii;call of duty wwii;call_of_duty_wwii;call_of_duty_wwii;game;Call Of Duty Wwii;656
cod ww2;cod ww2;call_of_duty_wwii;call_of_duty_wwii;game;Call Of Duty Wwii;656
cod wwii;cod wwii;call_of_duty_wwii;call_of_duty_wwii;game;Call Of Duty Wwii;656
dying light 2;dying light 2;dying_light_2_stay_human;dying_light_2_stay_human;game;Dying Light 2 Stay Human;656
Dying Light 2 Stay Human;dying light 2 stay human;dying_light_2_stay_human;dying_light_2_stay_human;game;Dying Light 2 Stay Human;656
dying light stay human;dying light stay human;dying_light_2_stay_human;dying_light_2_stay_human;game;Dying Light 2 Stay Human;656
stay human;stay human;dying_light_2_stay_human;dying_light_2_stay_human;game;Dying Light 2 Stay Human;656
world war ii;world war ii;call_of_duty_wwii;call_of_duty_wwii;game;Call Of Duty Wwii;656
ww2 ps4;ww2 ps4;call_of_duty_wwii;call_of_duty_wwii;game;Call Of Duty Wwii;656
wwii ps4;wwii ps4;call_of_duty_wwii;call_of_duty_wwii;game;Call Of Duty Wwii;656
даинг лайт 2;дaиhг лaйt 2;dying_light_2_stay_human;dying_light_2_stay_human;game;Dying Light 2 Stay Human;656
даинглайт 2;дaиhглaйt 2;dying_light_2_stay_human;dying_light_2_stay_human;game;Dying Light 2 Stay Human;656
дайинг лайт 2;дaйиhг лaйt 2;dying_light_2_stay_human;dying_light_2_stay_human;game;Dying Light 2 Stay Human;656
armored core 6;armored core 6;armored_core_vi_fires_of_rubicon;armored_core_vi_fires_of_rubicon;game;Armored Core VI Fires of Rubicon;655
armored core fires of rubicon;armored core fires of rubicon;armored_core_vi_fires_of_rubicon;armored_core_vi_fires_of_rubicon;game;Armored Core VI Fires of Rubicon;655
armored core vi;armored core vi;armored_core_vi_fires_of_rubicon;armored_core_vi_fires_of_rubicon;game;Armored Core VI Fires of Rubicon;655
Armored Core VI Fires of Rubicon;armored core vi fires of rubicon;armored_core_vi_fires_of_rubicon;armored_core_vi_fires_of_rubicon;game;Armored Core VI Fires of Rubicon;655
Stellar Blade;stellar blade;stellar_blade;stellar_blade;game;Stellar Blade;655
страй;ctpaй;stray;stray;game;Stray;652
стрей;ctpeй;stray;stray;game;Stray;652
Stray;stray;stray;stray;game;Stray;652
stray ps4;stray ps4;stray;stray;game;Stray;652
stray ps5;stray ps5;stray;stray;game;Stray;652
Crash Bandicoot N Sane Trilogy;crash bandicoot n sane trilogy;crash_bandicoot_n_sane_trilogy;crash_bandicoot_n_sane_trilogy;game;Crash Bandicoot N Sane Trilogy;650
crash bandicoot trilogy;crash bandicoot trilogy;crash_bandicoot_n_sane_trilogy;crash_bandicoot_n_sane_trilogy;game;Crash Bandicoot N Sane Trilogy;650
crash trilogy;crash trilogy;crash_bandicoot_n_sane_trilogy;crash_bandicoot_n_sane_trilogy;game;Crash Bandicoot N Sane Trilogy;650
Death Stranding;death stranding;death_stranding;death_stranding;game;Death Stranding;644
дес стрендинг;дec ctpehдиhг;death_stranding;death_stranding;game;Death Stranding;644
дез стрендинг;дeз ctpehдиhг;death_stranding;death_stranding;game;Death Stranding;644
деф стрендинг;дeф ctpehдиhг;death_stranding;death_stranding;game;Death Stranding;644
слайм ранчер;cлaйm pahчep;slime_rancher_deluxe_edition;slime_rancher_deluxe_edition;game;Slime Rancher Deluxe Edition;643
слайм ранчер deluxe;cлaйm pahчep deluxe;slime_rancher_deluxe_edition;slime_rancher_deluxe_edition;game;Slime Rancher Deluxe Edition;643
слайм ренчер;cлaйm pehчep;slime_rancher_deluxe_edition;slime_rancher_deluxe_edition;game;Slime Rancher Deluxe Edition;643
ff xv royal;ff xv royal;final_fantasy_xv_royal_edition;final_fantasy_xv_royal_edition;game;Final Fantasy Xv Royal Edition;643
ff15 royal;ff15 royal;final_fantasy_xv_royal_edition;final_fantasy_xv_royal_edition;game;Final Fantasy Xv Royal Edition;643
final fantasy 15 royal edition;final fantasy 15 royal edition;final_fantasy_xv_royal_edition;final_fantasy_xv_royal_edition;game;Final Fantasy Xv Royal Edition;643
Final Fantasy Xv Royal Edition;final fantasy xv royal edition;final_fantasy_xv_royal_edition;final_fantasy_xv_royal_edition;game;Final Fantasy Xv Royal Edition;643
lego batman 3;lego batman 3;lego_batman_3_beyond_gotham;lego_batman_3_beyond_gotham;game;Lego Batman 3 Beyond Gotham;643
Lego Batman 3 Beyond Gotham;lego batman 3 beyond gotham;lego_batman_3_beyond_gotham;lego_batman_3_beyond_gotham;game;Lego Batman 3 Beyond Gotham;643
lego batman beyond gotham;lego batman beyond gotham;lego_batman_3_beyond_gotham;lego_batman_3_beyond_gotham;game;Lego Batman 3 Beyond Gotham;643
slime rancher;slime rancher;slime_rancher_deluxe_edition;slime_rancher_deluxe_edition;game;Slime Rancher Deluxe Edition;643
Slime Rancher Deluxe Edition;slime rancher deluxe edition;slime_rancher_deluxe_edition;slime_rancher_deluxe_edition;game;Slime Rancher Deluxe Edition;643
лего бэтмен 3;лeгo бэtmeh 3;lego_batman_3_beyond_gotham;lego_batman_3_beyond_gotham;game;Lego Batman 3 Beyond Gotham;643
лего бэтмен за пределами готэма;лeгo бэtmeh зa пpeдeлamи гotэma;lego_batman_3_beyond_gotham;lego_batman_3_beyond_gotham;game;Lego Batman 3 Beyond Gotham;643
айзек repentance;aйзek repentance;the_binding_of_isaac_repentance;the_binding_of_isaac_repentance;game;The Binding of Isaac Repentance;640
binding isaac repentance;binding isaac repentance;the_binding_of_isaac_repentance;the_binding_of_isaac_repentance;game;The Binding of Isaac Repentance;640
binding of isaac repentance;binding of isaac repentance;the_binding_of_isaac_repentance;the_binding_of_isaac_repentance;game;The Binding of Isaac Repentance;640
isaac repentance;isaac repentance;the_binding_of_isaac_repentance;the_binding_of_isaac_repentance;game;The Binding of Isaac Repentance;640
The Binding of Isaac Repentance;the binding of isaac repentance;the_binding_of_isaac_repentance;the_binding_of_isaac_repentance;game;The Binding of Isaac Repentance;640
биндинг оф айзек;биhдиhг oф aйзek;the_binding_of_isaac_repentance;the_binding_of_isaac_repentance;game;The Binding of Isaac Repentance;640
зэ байндинг оф айзек;зэ бaйhдиhг oф aйзek;the_binding_of_isaac_repentance;the_binding_of_isaac_repentance;game;The Binding of Isaac Repentance;640
Lego Marvel Super Heroes 2;lego marvel super heroes 2;lego_marvel_super_heroes_2;lego_marvel_super_heroes_2;game;Lego Marvel Super Heroes 2;609
lego marvel superheroes 2;lego marvel superheroes 2;lego_marvel_super_heroes_2;lego_marvel_super_heroes_2;game;Lego Marvel Super Heroes 2;609
лего марвел супер герои 2;лeгo mapbeл cyпep гepoи 2;lego_marvel_super_heroes_2;lego_marvel_super_heroes_2;game;Lego Marvel Super Heroes 2;609
lego avengers;lego avengers;lego_marvel_avengers;lego_marvel_avengers;game;Lego Marvel Avengers;608
Lego Marvel Avengers;lego marvel avengers;lego_marvel_avengers;lego_marvel_avengers;game;Lego Marvel Avengers;608
лего марвел мстители;лeгo mapbeл mctиteли;lego_marvel_avengers;lego_marvel_avengers;game;Lego Marvel Avengers;608
лего мстители;лeгo mctиteли;lego_marvel_avengers;lego_marvel_avengers;game;Lego Marvel Avengers;608
нхл 24;hxл 24;nhl_24;nhl_24;game;NHL 24;607
нхл24;hxл24;nhl_24;nhl_24;game;NHL 24;607
NHL 24;nhl 24;nhl_24;nhl_24;game;NHL 24;607
Lego Worlds;lego worlds;lego_worlds;lego_worlds;game;Lego Worlds;605
лего ворлдс;лeгo bopлдc;lego_worlds;lego_worlds;game;Lego Worlds;605
лего миры;лeгo mиpы;lego_worlds;lego_worlds;game;Lego Worlds;605
ведьмак 3 дикая охота;beдьmak 3 диkaя oxota;the_witcher_3_wild_hunt;the_witcher_3_wild_hunt;game;The Witcher 3 Wild Hunt;604
ведьмак 3 игра года;beдьmak 3 игpa гoдa;the_witcher_3_game_of_the_year;the_witcher_3_game_of_the_year;game;The Witcher 3 Game of the Year;604
The Witcher 3 Game of the Year;the witcher 3 game of the year;the_witcher_3_game_of_the_year;the_witcher_3_game_of_the_year;game;The Witcher 3 Game of the Year;604
The Witcher 3 Wild Hunt;the witcher 3 wild hunt;the_witcher_3_wild_hunt;the_witcher_3_wild_hunt;game;The Witcher 3 Wild Hunt;604
witcher 3 game of the year;witcher 3 game of the year;the_witcher_3_game_of_the_year;the_witcher_3_game_of_the_year;game;The Witcher 3 Game of the Year;604
witcher 3 wild hunt;witcher 3 wild hunt;the_witcher_3_wild_hunt;the_witcher_3_wild_hunt;game;The Witcher 3 Wild Hunt;604
нхл 22;hxл 22;nhl_22;nhl_22;game;NHL 22;602
нхл22;hxл22;nhl_22;nhl_22;game;NHL 22;602
NHL 22;nhl 22;nhl_22;nhl_22;game;NHL 22;602
God of War 3;god of war 3;god_of_war_3;god_of_war_3;game;God of War 3;600
god of war 3 remastered;god of war 3 remastered;god_of_war_3;god_of_war_3;game;God of War 3;600
god of war 3 remastered (без коробки;god of war 3 remastered бeз kopoбkи;god_of_war_3;god_of_war_3;game;God of War 3;600
нхл 19;hxл 19;nhl_19;nhl_19;game;NHL 19;600
нхл 25;hxл 25;nhl_25;nhl_25;game;NHL 25;600
нхл19;hxл19;nhl_19;nhl_19;game;NHL 19;600
нхл25;hxл25;nhl_25;nhl_25;game;NHL 25;600
NHL 19;nhl 19;nhl_19;nhl_19;game;NHL 19;600
NHL 25;nhl 25;nhl_25;nhl_25;game;NHL 25;600
бог войны 3;бoг boйhы 3;god_of_war_3;god_of_war_3;game;God of War 3;600
нхл 20;hxл 20;nhl_20;nhl_20;game;NHL 20;599
нхл20;hxл20;nhl_20;nhl_20;game;NHL 20;599
NHL 20;nhl 20;nhl_20;nhl_20;game;NHL 20;599
Lego Marvel Super Heroes;lego marvel super heroes;lego_marvel_super_heroes;lego_marvel_super_heroes;game;Lego Marvel Super Heroes;597
lego marvel superheroes;lego marvel superheroes;lego_marvel_super_heroes;lego_marvel_super_heroes;game;Lego Marvel Super Heroes;597
лего марвел супер герои;лeгo mapbeл cyпep гepoи;lego_marvel_super_heroes;lego_marvel_super_heroes;game;Lego Marvel Super Heroes;597
нхл 23;hxл 23;nhl_23;nhl_23;game;NHL 23;595
нхл23;hxл23;nhl_23;nhl_23;game;NHL 23;595
нба 2к23;hбa 2k23;nba_2k23;nba_2k23;game;NBA 2K23;595
нба2к23;hбa2k23;nba_2k23;nba_2k23;game;NBA 2K23;595
nba 23;nba 23;nba_2k23;nba_2k23;game;NBA 2K23;595
NBA 2K23;nba 2k23;nba_2k23;nba_2k23;game;NBA 2K23;595
nba2k23;nba2k23;nba_2k23;nba_2k23;game;NBA 2K23;595
NHL 23;nhl 23;nhl_23;nhl_23;game;NHL 23;595
нхл 21;hxл 21;nhl_21;nhl_21;game;NHL 21;593
нхл21;hxл21;nhl_21;nhl_21;game;NHL 21;593
NHL 21;nhl 21;nhl_21;nhl_21;game;NHL 21;593
Far Cry 5;far cry 5;far_cry_5;far_cry_5;game;Far Cry 5;590
far cry 5 (без коробки;far cry 5 бeз kopoбkи;far_cry_5;far_cry_5;game;Far Cry 5;590
нхл 18;hxл 18;nhl_18;nhl_18;game;NHL 18;589
нхл18;hxл18;nhl_18;nhl_18;game;NHL 18;589
Infamous First Light;infamous first light;infamous_first_light;infamous_first_light;game;Infamous First Light;589
Lego City Undercover;lego city undercover;lego_city_undercover;lego_city_undercover;game;Lego City Undercover;589
NHL 18;nhl 18;nhl_18;nhl_18;game;NHL 18;589
лего сити андеркавер;лeгo cиtи ahдepkabep;lego_city_undercover;lego_city_undercover;game;Lego City Undercover;589
лего город undercover;лeгo гopoд undercover;lego_city_undercover;lego_city_undercover;game;Lego City Undercover;589
первый свет;пepbый cbet;infamous_first_light;infamous_first_light;game;Infamous First Light;589
нхл 16;hxл 16;nhl_16;nhl_16;game;NHL 16;588
нхл16;hxл16;nhl_16;nhl_16;game;NHL 16;588
NHL 16;nhl 16;nhl_16;nhl_16;game;NHL 16;588
нхл 17;hxл 17;nhl_17;nhl_17;game;NHL 17;587
нхл17;hxл17;nhl_17;nhl_17;game;NHL 17;587
NHL 17;nhl 17;nhl_17;nhl_17;game;NHL 17;587
нхл 15;hxл 15;nhl_15;nhl_15;game;NHL 15;585
нхл15;hxл15;nhl_15;nhl_15;game;NHL 15;585
lego movie;lego movie;lego_movie_videogame;lego_movie_videogame;game;Lego Movie Videogame;585
lego movie 2;lego movie 2;lego_movie_2_videogame;lego_movie_2_videogame;game;Lego Movie 2 Videogame;585
lego movie 2 video game;lego movie 2 video game;lego_movie_2_videogame;lego_movie_2_videogame;game;Lego Movie 2 Videogame;585
Lego Movie 2 Videogame;lego movie 2 videogame;lego_movie_2_videogame;lego_movie_2_videogame;game;Lego Movie 2 Videogame;585
lego movie video game;lego movie video game;lego_movie_videogame;lego_movie_videogame;game;Lego Movie Videogame;585
Lego Movie Videogame;lego movie videogame;lego_movie_videogame;lego_movie_videogame;game;Lego Movie Videogame;585
mk11;mk11;mortal_kombat_11;mortal_kombat_11;game;Mortal Kombat 11;585
Mortal Kombat 11;mortal kombat 11;mortal_kombat_11;mortal_kombat_11;game;Mortal Kombat 11;585
mortal kombat 11 (бесплатный апгрейд;mortal kombat 11 бecплathый aпгpeйд;mortal_kombat_11;mortal_kombat_11;game;Mortal Kombat 11;585
Mortal Kombat 11 (бесплатный PS5 апгрейд;mortal kombat 11 бecплathый ps5 aпгpeйд;mortal_kombat_11;mortal_kombat_11;game;Mortal Kombat 11;585
NHL 15;nhl 15;nhl_15;nhl_15;game;NHL 15;585
Uncharted 4;uncharted 4;uncharted_4;uncharted_4;game;Uncharted 4;585
uncharted 4 путь вора;uncharted 4 пytь bopa;uncharted_4;uncharted_4;game;Uncharted 4;585
лего фильм 2;лeгo фильm 2;lego_movie_2_videogame;lego_movie_2_videogame;game;Lego Movie 2 Videogame;585
лего фильм игра;лeгo фильm игpa;lego_movie_videogame;lego_movie_videogame;game;Lego Movie Videogame;585
Lego Dc Super Villains;lego dc super villains;lego_dc_super_villains;lego_dc_super_villains;game;Lego Dc Super Villains;582
lego super villains;lego super villains;lego_dc_super_villains;lego_dc_super_villains;game;Lego Dc Super Villains;582
лего супер злодеи;лeгo cyпep злoдeи;lego_dc_super_villains;lego_dc_super_villains;game;Lego Dc Super Villains;582
лего дс супер злодеи;лeгo дc cyпep злoдeи;lego_dc_super_villains;lego_dc_super_villains;game;Lego Dc Super Villains;582
Lego Jurassic World;lego jurassic world;lego_jurassic_world;lego_jurassic_world;game;Lego Jurassic World;581
лего мир юрского периода;лeгo mиp юpckoгo пepиoдa;lego_jurassic_world;lego_jurassic_world;game;Lego Jurassic World;581
лего юрский мир;лeгo юpckий mиp;lego_jurassic_world;lego_jurassic_world;game;Lego Jurassic World;581
grand theft auto v;grand theft auto v;gta_5;gta_5;game;GTA 5;579
grand theft auto v gta;grand theft auto v gta;gta_5;gta_5;game;GTA 5;579
GTA 5;gta 5;gta_5;gta_5;game;GTA 5;579
gta 5: premium edition;gta 5 premium edition;gta_5;gta_5;game;GTA 5;579
gta 5 ps;gta 5 ps;gta_5;gta_5;game;GTA 5;579
гта 5;гta 5;gta_5;gta_5;game;GTA 5;579
Fallout 4;fallout 4;fallout_4;fallout_4;game;Fallout 4;578
lego skywalker saga;lego skywalker saga;lego_star_wars_the_skywalker_saga;lego_star_wars_the_skywalker_saga;game;Lego Star Wars The Skywalker Saga;578
Lego Star Wars The Skywalker Saga;lego star wars the skywalker saga;lego_star_wars_the_skywalker_saga;lego_star_wars_the_skywalker_saga;game;Lego Star Wars The Skywalker Saga;578
lego звездные войны скайуокер сага;lego зbeздhыe boйhы ckaйyokep caгa;lego_star_wars_the_skywalker_saga;lego_star_wars_the_skywalker_saga;game;Lego Star Wars The Skywalker Saga;578
лего скайуокер сага;лeгo ckaйyokep caгa;lego_star_wars_the_skywalker_saga;lego_star_wars_the_skywalker_saga;game;Lego Star Wars The Skywalker Saga;578
Battlefield 5;battlefield 5;battlefield_5;battlefield_5;game;Battlefield 5;577
battlefield v;battlefield v;battlefield_5;battlefield_5;game;Battlefield 5;577
nathan drake collection;nathan drake collection;uncharted_collection;uncharted_collection;game;Uncharted Collection;577
Uncharted Collection;uncharted collection;uncharted_collection;uncharted_collection;game;Uncharted Collection;577
uncharted коллекция;uncharted koллekция;uncharted_collection;uncharted_collection;game;Uncharted Collection;577
FIFA 19;fifa 19;fifa_19;fifa_19;game;FIFA 19;575
fifa 2019;fifa 2019;fifa_19;fifa_19;game;FIFA 19;575
Battlefield 2042;battlefield 2042;battlefield_2042;battlefield_2042;game;Battlefield 2042;574
lego harry potter;lego harry potter;lego_harry_potter_collection;lego_harry_potter_collection;game;Lego Harry Potter Collection;574
Lego Harry Potter Collection;lego harry potter collection;lego_harry_potter_collection;lego_harry_potter_collection;game;Lego Harry Potter Collection;574
гарри поттер лего;гappи пottep лeгo;lego_harry_potter_collection;lego_harry_potter_collection;game;Lego Harry Potter Collection;574
лего гарри поттер;лeгo гappи пottep;lego_harry_potter_collection;lego_harry_potter_collection;game;Lego Harry Potter Collection;574
Borderlands 3;borderlands 3;borderlands_3;borderlands_3;game;Borderlands 3;573
Gran Turismo Sport no cover;gran turismo sport no cover;gran_turismo_sport_no_cover;gran_turismo_sport_no_cover;game;Gran Turismo Sport no cover;573
gran turismo sport без обложки;gran turismo sport бeз oблoжkи;gran_turismo_sport_no_cover;gran_turismo_sport_no_cover;game;Gran Turismo Sport no cover;573
grand turismo sport без обложки;grand turismo sport бeз oблoжkи;gran_turismo_sport_no_cover;gran_turismo_sport_no_cover;game;Gran Turismo Sport no cover;573
Hitman 2;hitman 2;hitman_2;hitman_2;game;Hitman 2;573
Rise of the Tomb Raider;rise of the tomb raider;rise_of_the_tomb_raider;rise_of_the_tomb_raider;game;Rise of the Tomb Raider;573
rise of tomb raider;rise of tomb raider;rise_of_the_tomb_raider;rise_of_the_tomb_raider;game;Rise of the Tomb Raider;573
five nights at freddy security breach;five nights at freddy security breach;fnaf_security_breach;fnaf_security_breach;game;FNAF Security Breach;572
FNAF Security Breach;fnaf security breach;fnaf_security_breach;fnaf_security_breach;game;FNAF Security Breach;572
horizon zero dawn новый;horizon zero dawn hobый;horizon_zero_dawn_sealed;horizon_zero_dawn_sealed;game;Horizon Zero Dawn sealed;572
Horizon Zero Dawn sealed;horizon zero dawn sealed;horizon_zero_dawn_sealed;horizon_zero_dawn_sealed;game;Horizon Zero Dawn sealed;572
horizon zero dawn запечатанный;horizon zero dawn зaпeчatahhый;horizon_zero_dawn_sealed;horizon_zero_dawn_sealed;game;Horizon Zero Dawn sealed;572
Uncharted Lost Legacy;uncharted lost legacy;uncharted_lost_legacy;uncharted_lost_legacy;game;Uncharted Lost Legacy;572
uncharted утраченное наследие;uncharted ytpaчehhoe hacлeдиe;uncharted_lost_legacy;uncharted_lost_legacy;game;Uncharted Lost Legacy;572
World of Warriors;world of warriors;world_of_warriors;world_of_warriors;game;World of Warriors;572
GTA 5 sealed;gta 5 sealed;gta_5_sealed;gta_5_sealed;game;GTA 5 sealed;571
gta 5 заводской упаковке;gta 5 зaboдckoй yпakobke;gta_5_sealed;gta_5_sealed;game;GTA 5 sealed;571
gta 5 запечатанный;gta 5 зaпeчatahhый;gta_5_sealed;gta_5_sealed;game;GTA 5 sealed;571
Lego Avengers;lego avengers;lego_avengers;lego_avengers;game;Lego Avengers;571
shadow of colossus;shadow of colossus;shadow_of_the_colossus;shadow_of_the_colossus;game;Shadow of the Colossus;571
Shadow of the Colossus;shadow of the colossus;shadow_of_the_colossus;shadow_of_the_colossus;game;Shadow of the Colossus;571
гта 5 заводской упаковке;гta 5 зaboдckoй yпakobke;gta_5_sealed;gta_5_sealed;game;GTA 5 sealed;571
battlefield 1 революция;battlefield 1 peboлюция;battlefield_1_revolution;battlefield_1_revolution;game;Battlefield 1 Revolution;570
Battlefield 1 Revolution;battlefield 1 revolution;battlefield_1_revolution;battlefield_1_revolution;game;Battlefield 1 Revolution;570
Final Fantasy 15 Royal Edition;final fantasy 15 royal edition;final_fantasy_15_royal_edition;final_fantasy_15_royal_edition;game;Final Fantasy 15 Royal Edition;570
final fantasy xv royal edition;final fantasy xv royal edition;final_fantasy_15_royal_edition;final_fantasy_15_royal_edition;game;Final Fantasy 15 Royal Edition;570
Knack;knack;knack;knack;game;Knack;570
Lego Batman Beyond Gotham;lego batman beyond gotham;lego_batman_beyond_gotham;lego_batman_beyond_gotham;game;Lego Batman Beyond Gotham;570
Sniper Contracts 2;sniper contracts 2;sniper_contracts_2;sniper_contracts_2;game;Sniper Contracts 2;570
sniper ghost warrior contracts 2;sniper ghost warrior contracts 2;sniper_contracts_2;sniper_contracts_2;game;Sniper Contracts 2;570
Uncharted Drake's Fortune;uncharted drake s fortune;uncharted_drake_s_fortune;uncharted_drake_s_fortune;game;Uncharted Drake's Fortune;570
uncharted drakes fortune;uncharted drakes fortune;uncharted_drake_s_fortune;uncharted_drake_s_fortune;game;Uncharted Drake's Fortune;570
lego ninjago;lego ninjago;lego_ninjago_movie_video_game;lego_ninjago_movie_video_game;game;Lego Ninjago Movie Video Game;568
Lego Ninjago Movie Video Game;lego ninjago movie video game;lego_ninjago_movie_video_game;lego_ninjago_movie_video_game;game;Lego Ninjago Movie Video Game;568
ninjago lego;ninjago lego;lego_ninjago_movie_video_game;lego_ninjago_movie_video_game;game;Lego Ninjago Movie Video Game;568
лего ниндзяго;лeгo hиhдзягo;lego_ninjago_movie_video_game;lego_ninjago_movie_video_game;game;Lego Ninjago Movie Video Game;568
lego incredibles;lego incredibles;lego_the_incredibles;lego_the_incredibles;game;Lego The Incredibles;560
Lego The Incredibles;lego the incredibles;lego_the_incredibles;lego_the_incredibles;game;Lego The Incredibles;560
лего супер семейка;лeгo cyпep cemeйka;lego_the_incredibles;lego_the_incredibles;game;Lego The Incredibles;560
лего суперсемейка;лeгo cyпepcemeйka;lego_the_incredibles;lego_the_incredibles;game;Lego The Incredibles;560
Fast & Furious Crossroads;fast and furious crossroads;fast_and_furious_crossroads;fast_and_furious_crossroads;game;Fast & Furious Crossroads;557
fast furious crossroads;fast furious crossroads;fast_and_furious_crossroads;fast_and_furious_crossroads;game;Fast & Furious Crossroads;557
форсаж crossroads;фopcaж crossroads;fast_and_furious_crossroads;fast_and_furious_crossroads;game;Fast & Furious Crossroads;557
форсаж перекрестки;фopcaж пepekpectkи;fast_and_furious_crossroads;fast_and_furious_crossroads;game;Fast & Furious Crossroads;557
lego star wars force awakens;lego star wars force awakens;lego_star_wars_the_force_awakens;lego_star_wars_the_force_awakens;game;Lego Star Wars The Force Awakens;556
Lego Star Wars The Force Awakens;lego star wars the force awakens;lego_star_wars_the_force_awakens;lego_star_wars_the_force_awakens;game;Lego Star Wars The Force Awakens;556
lego звездные войны пробуждение силы;lego зbeздhыe boйhы пpoбyждehиe cилы;lego_star_wars_the_force_awakens;lego_star_wars_the_force_awakens;game;Lego Star Wars The Force Awakens;556
лего звездные войны пробуждение силы;лeгo зbeздhыe boйhы пpoбyждehиe cилы;lego_star_wars_the_force_awakens;lego_star_wars_the_force_awakens;game;Lego Star Wars The Force Awakens;556
Zero Tolerance Collection;zero tolerance collection;zero_tolerance_collection;zero_tolerance_collection;game;Zero Tolerance Collection;550
zero tolerance collection special limited edition;zero tolerance collection special limited edition;zero_tolerance_collection;zero_tolerance_collection;game;Zero Tolerance Collection;550
zero tolerance special limited edition;zero tolerance special limited edition;zero_tolerance_collection;zero_tolerance_collection;game;Zero Tolerance Collection;550
аналог dualshock 4;ahaлoг dualshock 4;ps4_third_party_controller;ps4_third_party_controller;accessory;PS4 Third-Party Controller;540
CUH-1000;cuh 1000;playstation_4_fat;playstation_4_fat;console;PlayStation 4 Fat;540
CUH-1100;cuh 1100;playstation_4_fat;playstation_4_fat;console;PlayStation 4 Fat;540
CUH-1200;cuh 1200;playstation_4_fat;playstation_4_fat;console;PlayStation 4 Fat;540
CUH-1216A;cuh 1216a;playstation_4_fat;playstation_4_fat;console;PlayStation 4 Fat;540
CUH-2000;cuh 2000;playstation_4_slim;playstation_4_slim;console;PlayStation 4 Slim;540
CUH-2100;cuh 2100;playstation_4_slim;playstation_4_slim;console;PlayStation 4 Slim;540
CUH-2200;cuh 2200;playstation_4_slim;playstation_4_slim;console;PlayStation 4 Slim;540
CUH-2216A;cuh 2216a;playstation_4_slim;playstation_4_slim;console;PlayStation 4 Slim;540
CUH-2216B;cuh 2216b;playstation_4_slim;playstation_4_slim;console;PlayStation 4 Slim;540
CUH-7000;cuh 7000;playstation_4_pro;playstation_4_pro;console;PlayStation 4 Pro;540
CUH-7100;cuh 7100;playstation_4_pro;playstation_4_pro;console;PlayStation 4 Pro;540
CUH-7200;cuh 7200;playstation_4_pro;playstation_4_pro;console;PlayStation 4 Pro;540
CUH-7216B;cuh 7216b;playstation_4_pro;playstation_4_pro;console;PlayStation 4 Pro;540
DS4;ds4;dualshock_4_original_controller;dualshock_4_original_controller;accessory;DualShock 4 Original Controller;540
DualSense;dualsense;dualsense_controller;dualsense_controller;accessory;DualSense Controller;540
DualSense Controller;dualsense controller;dualsense_controller;dualsense_controller;accessory;DualSense Controller;540
dualsense геймпад;dualsense гeйmпaд;dualsense_controller;dualsense_controller;accessory;DualSense Controller;540
DualShock 4;dualshock 4;dualshock_4_original_controller;dualshock_4_original_controller;accessory;DualShock 4 Original Controller;540
DualShock 4 charging station;dualshock 4 charging station;ps4_charging_station;ps4_charging_station;accessory;PS4 Charging Station;540
dualshock 4 оригинал;dualshock 4 opигиhaл;dualshock_4_original_controller;dualshock_4_original_controller;accessory;DualShock 4 Original Controller;540
DualShock 4 original;dualshock 4 original;dualshock_4_original_controller;dualshock_4_original_controller;accessory;DualShock 4 Original Controller;540
DualShock 4 Original Controller;dualshock 4 original controller;dualshock_4_original_controller;dualshock_4_original_controller;accessory;DualShock 4 Original Controller;540
Gold Wireless Headset;gold wireless headset;playstation_wireless_headset;playstation_wireless_headset;accessory;PlayStation Wireless Headset;540
наушники ps4;hayшhиkи ps4;playstation_wireless_headset;playstation_wireless_headset;accessory;PlayStation Wireless Headset;540
неоригинальный геймпад ps4;heopигиhaльhый гeйmпaд ps4;ps4_third_party_controller;ps4_third_party_controller;accessory;PS4 Third-Party Controller;540
неоригинальный джойстик ps4;heopигиhaльhый джoйctиk ps4;ps4_third_party_controller;ps4_third_party_controller;accessory;PS4 Third-Party Controller;540
kamepa playstation;kamepa playstation;playstation_camera;playstation_camera;accessory;PlayStation Camera;540
kamepa ps4;kamepa ps4;playstation_camera;playstation_camera;accessory;PlayStation Camera;540
камера пс4;kamepa пc4;playstation_camera;playstation_camera;accessory;PlayStation Camera;540
копия геймпада ps4;koпия гeйmпaдa ps4;ps4_third_party_controller;ps4_third_party_controller;accessory;PS4 Third-Party Controller;540
Move controller;move controller;playstation_move_controller;playstation_move_controller;accessory;PlayStation Move Controller;540
мув контроллер;myb kohtpoллep;playstation_move_controller;playstation_move_controller;accessory;PlayStation Move Controller;540
non-original PS4 controller;non original ps4 controller;ps4_third_party_controller;ps4_third_party_controller;accessory;PS4 Third-Party Controller;540
оригинальный геймпад ps4;opигиhaльhый гeйmпaд ps4;dualshock_4_original_controller;dualshock_4_original_controller;accessory;DualShock 4 Original Controller;540
оригинальный джойстик ps4;opигиhaльhый джoйctиk ps4;dualshock_4_original_controller;dualshock_4_original_controller;accessory;DualShock 4 Original Controller;540
Original PS4 controller;original ps4 controller;dualshock_4_original_controller;dualshock_4_original_controller;accessory;DualShock 4 Original Controller;540
Original PS5 controller;original ps5 controller;dualsense_controller;dualsense_controller;accessory;DualSense Controller;540
очки виртуальной реальности ps4;oчkи bиptyaльhoй peaльhoctи ps4;playstation_vr;playstation_vr;accessory;PlayStation VR;540
PlayStation 3 Slim;playstation 3 slim;playstation_3_slim;playstation_3_slim;console;PlayStation 3 Slim;540
PlayStation 3 Super Slim;playstation 3 super slim;playstation_3_super_slim;playstation_3_super_slim;console;PlayStation 3 Super Slim;540
PlayStation 4 Fat;playstation 4 fat;playstation_4_fat;playstation_4_fat;console;PlayStation 4 Fat;540
PlayStation 4 Phat;playstation 4 phat;playstation_4_fat;playstation_4_fat;console;PlayStation 4 Fat;540
PlayStation 4 Pro;playstation 4 pro;playstation_4_pro;playstation_4_pro;console;PlayStation 4 Pro;540
PlayStation 4 Slim;playstation 4 slim;playstation_4_slim;playstation_4_slim;console;PlayStation 4 Slim;540
PlayStation 5;playstation 5;playstation_5;playstation_5;console;PlayStation 5;540
PlayStation 5 Digital Edition;playstation 5 digital edition;playstation_5_digital_edition;playstation_5_digital_edition;console;PlayStation 5 Digital Edition;540
PlayStation 5 Pro;playstation 5 pro;playstation_5_pro;playstation_5_pro;console;PlayStation 5 Pro;540
PlayStation 5 Slim;playstation 5 slim;playstation_5_slim;playstation_5_slim;console;PlayStation 5 Slim;540
PlayStation Camera;playstation camera;playstation_camera;playstation_camera;accessory;PlayStation Camera;540
playstation camera ps4;playstation camera ps4;playstation_camera;playstation_camera;accessory;PlayStation Camera;540
PlayStation Move;playstation move;playstation_move_controller;playstation_move_controller;accessory;PlayStation Move Controller;540
PlayStation Move Controller;playstation move controller;playstation_move_controller;playstation_move_controller;accessory;PlayStation Move Controller;540
playstation move контроллер;playstation move kohtpoллep;playstation_move_controller;playstation_move_controller;accessory;PlayStation Move Controller;540
PlayStation VR;playstation vr;playstation_vr;playstation_vr;accessory;PlayStation VR;540
PlayStation VR headset;playstation vr headset;playstation_vr;playstation_vr;accessory;PlayStation VR;540
PlayStation Wireless Headset;playstation wireless headset;playstation_wireless_headset;playstation_wireless_headset;accessory;PlayStation Wireless Headset;540
PS 3 Slim;ps 3 slim;playstation_3_slim;playstation_3_slim;console;PlayStation 3 Slim;540
PS 3 Super Slim;ps 3 super slim;playstation_3_super_slim;playstation_3_super_slim;console;PlayStation 3 Super Slim;540
PS 4 Fat;ps 4 fat;playstation_4_fat;playstation_4_fat;console;PlayStation 4 Fat;540
PS 4 Pro;ps 4 pro;playstation_4_pro;playstation_4_pro;console;PlayStation 4 Pro;540
PS 4 Slim;ps 4 slim;playstation_4_slim;playstation_4_slim;console;PlayStation 4 Slim;540
PS 5;ps 5;playstation_5;playstation_5;console;PlayStation 5;540
PS 5 Pro;ps 5 pro;playstation_5_pro;playstation_5_pro;console;PlayStation 5 Pro;540
PS 5 Slim;ps 5 slim;playstation_5_slim;playstation_5_slim;console;PlayStation 5 Slim;540
PS Camera;ps camera;playstation_camera;playstation_camera;accessory;PlayStation Camera;540
PS Move;ps move;playstation_move_controller;playstation_move_controller;accessory;PlayStation Move Controller;540
PS Move controller;ps move controller;playstation_move_controller;playstation_move_controller;accessory;PlayStation Move Controller;540
ps move контроллер;ps move kohtpoллep;playstation_move_controller;playstation_move_controller;accessory;PlayStation Move Controller;540
PS VR;ps vr;playstation_vr;playstation_vr;accessory;PlayStation VR;540
PS wireless headset;ps wireless headset;playstation_wireless_headset;playstation_wireless_headset;accessory;PlayStation Wireless Headset;540
PS3 Slim;ps3 slim;playstation_3_slim;playstation_3_slim;console;PlayStation 3 Slim;540
PS3 Super Slim;ps3 super slim;playstation_3_super_slim;playstation_3_super_slim;console;PlayStation 3 Super Slim;540
PS3 superslim;ps3 superslim;playstation_3_super_slim;playstation_3_super_slim;console;PlayStation 3 Super Slim;540
PS4 500 GB;ps4 500 gb;playstation_4_fat;playstation_4_fat;console;PlayStation 4 Fat;540
PS4 500 GB Fat;ps4 500 gb fat;playstation_4_fat;playstation_4_fat;console;PlayStation 4 Fat;540
PS4 500GB;ps4 500gb;playstation_4_fat;playstation_4_fat;console;PlayStation 4 Fat;540
PS4 500GB Fat;ps4 500gb fat;playstation_4_fat;playstation_4_fat;console;PlayStation 4 Fat;540
PS4 Camera;ps4 camera;playstation_camera;playstation_camera;accessory;PlayStation Camera;540
PS4 Charging Station;ps4 charging station;ps4_charging_station;ps4_charging_station;accessory;PS4 Charging Station;540
PS4 controller charger;ps4 controller charger;ps4_charging_station;ps4_charging_station;accessory;PS4 Charging Station;540
PS4 controller copy;ps4 controller copy;ps4_third_party_controller;ps4_third_party_controller;accessory;PS4 Third-Party Controller;540
PS4 controller non original;ps4 controller non original;ps4_third_party_controller;ps4_third_party_controller;accessory;PS4 Third-Party Controller;540
PS4 controller original;ps4 controller original;dualshock_4_original_controller;dualshock_4_original_controller;accessory;DualShock 4 Original Controller;540
PS4 controller third party;ps4 controller third party;ps4_third_party_controller;ps4_third_party_controller;accessory;PS4 Third-Party Controller;540
PS4 Fat;ps4 fat;playstation_4_fat;playstation_4_fat;console;PlayStation 4 Fat;540
PS4 headset;ps4 headset;playstation_wireless_headset;playstation_wireless_headset;accessory;PlayStation Wireless Headset;540
PS4 Phat;ps4 phat;playstation_4_fat;playstation_4_fat;console;PlayStation 4 Fat;540
PS4 Pro;ps4 pro;playstation_4_pro;playstation_4_pro;console;PlayStation 4 Pro;540
PS4 Pro 1 TB;ps4 pro 1 tb;playstation_4_pro;playstation_4_pro;console;PlayStation 4 Pro;540
PS4 Pro 1TB;ps4 pro 1tb;playstation_4_pro;playstation_4_pro;console;PlayStation 4 Pro;540
PS4 Slim;ps4 slim;playstation_4_slim;playstation_4_slim;console;PlayStation 4 Slim;540
PS4 Slim 1 TB;ps4 slim 1 tb;playstation_4_slim;playstation_4_slim;console;PlayStation 4 Slim;540
PS4 Slim 1TB;ps4 slim 1tb;playstation_4_slim;playstation_4_slim;console;PlayStation 4 Slim;540
PS4 Slim 500 GB;ps4 slim 500 gb;playstation_4_slim;playstation_4_slim;console;PlayStation 4 Slim;540
PS4 Slim 500GB;ps4 slim 500gb;playstation_4_slim;playstation_4_slim;console;PlayStation 4 Slim;540
PS4 Third-Party Controller;ps4 third party controller;ps4_third_party_controller;ps4_third_party_controller;accessory;PS4 Third-Party Controller;540
PS4 VR;ps4 vr;playstation_vr;playstation_vr;accessory;PlayStation VR;540
PS5;ps5;playstation_5;playstation_5;console;PlayStation 5;540
PS5 с дисководом;ps5 c диckoboдom;playstation_5;playstation_5;console;PlayStation 5;540
PS5 controller;ps5 controller;dualsense_controller;dualsense_controller;accessory;DualSense Controller;540
PS5 Digital;ps5 digital;playstation_5_digital_edition;playstation_5_digital_edition;console;PlayStation 5 Digital Edition;540
PS5 Digital Edition;ps5 digital edition;playstation_5_digital_edition;playstation_5_digital_edition;console;PlayStation 5 Digital Edition;540
PS5 Disc;ps5 disc;playstation_5;playstation_5;console;PlayStation 5;540
PS5 fat;ps5 fat;playstation_5;playstation_5;console;PlayStation 5;540
PS5 Pro;ps5 pro;playstation_5_pro;playstation_5_pro;console;PlayStation 5 Pro;540
PS5 Slim;ps5 slim;playstation_5_slim;playstation_5_slim;console;PlayStation 5 Slim;540
PS5 Slim Digital;ps5 slim digital;playstation_5_slim;playstation_5_slim;console;PlayStation 5 Slim;540
PS5 Slim Disc;ps5 slim disc;playstation_5_slim;playstation_5_slim;console;PlayStation 5 Slim;540
PS5 без дисковода;ps5 бeз диckoboдa;playstation_5_digital_edition;playstation_5_digital_edition;console;PlayStation 5 Digital Edition;540
PSVR;psvr;playstation_vr;playstation_vr;accessory;PlayStation VR;540
Sony Gold Wireless Headset;sony gold wireless headset;playstation_wireless_headset;playstation_wireless_headset;accessory;PlayStation Wireless Headset;540
Sony PlayStation 4 Fat;sony playstation 4 fat;playstation_4_fat;playstation_4_fat;console;PlayStation 4 Fat;540
Sony PlayStation 4 Pro;sony playstation 4 pro;playstation_4_pro;playstation_4_pro;console;PlayStation 4 Pro;540
Sony PlayStation 4 Slim;sony playstation 4 slim;playstation_4_slim;playstation_4_slim;console;PlayStation 4 Slim;540
Sony PlayStation 5;sony playstation 5;playstation_5;playstation_5;console;PlayStation 5;540
Sony PlayStation 5 Pro;sony playstation 5 pro;playstation_5_pro;playstation_5_pro;console;PlayStation 5 Pro;540
Sony PlayStation 5 Slim;sony playstation 5 slim;playstation_5_slim;playstation_5_slim;console;PlayStation 5 Slim;540
Sony PlayStation Camera;sony playstation camera;playstation_camera;playstation_camera;accessory;PlayStation Camera;540
Sony PS3 Slim;sony ps3 slim;playstation_3_slim;playstation_3_slim;console;PlayStation 3 Slim;540
Sony PS3 Super Slim;sony ps3 super slim;playstation_3_super_slim;playstation_3_super_slim;console;PlayStation 3 Super Slim;540
Sony PS4 controller;sony ps4 controller;dualshock_4_original_controller;dualshock_4_original_controller;accessory;DualShock 4 Original Controller;540
Sony PS4 Fat;sony ps4 fat;playstation_4_fat;playstation_4_fat;console;PlayStation 4 Fat;540
Sony PS4 Pro;sony ps4 pro;playstation_4_pro;playstation_4_pro;console;PlayStation 4 Pro;540
Sony PS4 Slim;sony ps4 slim;playstation_4_slim;playstation_4_slim;console;PlayStation 4 Slim;540
Sony PS5;sony ps5;playstation_5;playstation_5;console;PlayStation 5;540
Sony PS5 controller;sony ps5 controller;dualsense_controller;dualsense_controller;accessory;DualSense Controller;540
Sony PS5 Digital;sony ps5 digital;playstation_5_digital_edition;playstation_5_digital_edition;console;PlayStation 5 Digital Edition;540
Sony PS5 Pro;sony ps5 pro;playstation_5_pro;playstation_5_pro;console;PlayStation 5 Pro;540
Sony PS5 Slim;sony ps5 slim;playstation_5_slim;playstation_5_slim;console;PlayStation 5 Slim;540
third party PS4 controller;third party ps4 controller;ps4_third_party_controller;ps4_third_party_controller;accessory;PS4 Third-Party Controller;540
vr очки ps4;vr oчkи ps4;playstation_vr;playstation_vr;accessory;PlayStation VR;540
беспроводная гарнитура playstation;бecпpoboдhaя гaphиtypa playstation;playstation_wireless_headset;playstation_wireless_headset;accessory;PlayStation Wireless Headset;540
гарнитура ps4;гaphиtypa ps4;playstation_wireless_headset;playstation_wireless_headset;accessory;PlayStation Wireless Headset;540
геймпад ps4 не оригинал;гeйmпaд ps4 he opигиhaл;ps4_third_party_controller;ps4_third_party_controller;accessory;PS4 Third-Party Controller;540
геймпад ps4 оригинал;гeйmпaд ps4 opигиhaл;dualshock_4_original_controller;dualshock_4_original_controller;accessory;DualShock 4 Original Controller;540
геймпад ps5;гeйmпaд ps5;dualsense_controller;dualsense_controller;accessory;DualSense Controller;540
геймпад пс4 не оригинал;гeйmпaд пc4 he opигиhaл;ps4_third_party_controller;ps4_third_party_controller;accessory;PS4 Third-Party Controller;540
геймпад пс4 оригинал;гeйmпaд пc4 opигиhaл;dualshock_4_original_controller;dualshock_4_original_controller;accessory;DualShock 4 Original Controller;540
геймпад пс5;гeйmпaд пc5;dualsense_controller;dualsense_controller;accessory;DualSense Controller;540
док станция ps4;дok ctahция ps4;ps4_charging_station;ps4_charging_station;accessory;PS4 Charging Station;540
дуалсенс;дyaлcehc;dualsense_controller;dualsense_controller;accessory;DualSense Controller;540
дуалшок 4;дyaлшok 4;dualshock_4_original_controller;dualshock_4_original_controller;accessory;DualShock 4 Original Controller;540
джойстик ps4 не оригинал;джoйctиk ps4 he opигиhaл;ps4_third_party_controller;ps4_third_party_controller;accessory;PS4 Third-Party Controller;540
джойстик ps4 оригинал;джoйctиk ps4 opигиhaл;dualshock_4_original_controller;dualshock_4_original_controller;accessory;DualShock 4 Original Controller;540
джойстик ps5;джoйctиk ps5;dualsense_controller;dualsense_controller;accessory;DualSense Controller;540
джойстик пс4 не оригинал;джoйctиk пc4 he opигиhaл;ps4_third_party_controller;ps4_third_party_controller;accessory;PS4 Third-Party Controller;540
джойстик пс4 оригинал;джoйctиk пc4 opигиhaл;dualshock_4_original_controller;dualshock_4_original_controller;accessory;DualShock 4 Original Controller;540
джойстик пс5;джoйctиk пc5;dualsense_controller;dualsense_controller;accessory;DualSense Controller;540
зарядная станция ps4;зapядhaя ctahция ps4;ps4_charging_station;ps4_charging_station;accessory;PS4 Charging Station;540
зарядка dualshock 4;зapядka dualshock 4;ps4_charging_station;ps4_charging_station;accessory;PS4 Charging Station;540
зарядка для геймпадов ps4;зapядka для гeйmпaдob ps4;ps4_charging_station;ps4_charging_station;accessory;PS4 Charging Station;540
пс 3 супер слим;пc 3 cyпep cлиm;playstation_3_super_slim;playstation_3_super_slim;console;PlayStation 3 Super Slim;540
пс 3 слим;пc 3 cлиm;playstation_3_slim;playstation_3_slim;console;PlayStation 3 Slim;540
пс 4 слим;пc 4 cлиm;playstation_4_slim;playstation_4_slim;console;PlayStation 4 Slim;540
пс 4 про;пc 4 пpo;playstation_4_pro;playstation_4_pro;console;PlayStation 4 Pro;540
пс 4 фат;пc 4 фat;playstation_4_fat;playstation_4_fat;console;PlayStation 4 Fat;540
пс 5;пc 5;playstation_5;playstation_5;console;PlayStation 5;540
пс 5 слим;пc 5 cлиm;playstation_5_slim;playstation_5_slim;console;PlayStation 5 Slim;540
пс 5 про;пc 5 пpo;playstation_5_pro;playstation_5_pro;console;PlayStation 5 Pro;540
пс3 супер слим;пc3 cyпep cлиm;playstation_3_super_slim;playstation_3_super_slim;console;PlayStation 3 Super Slim;540
пс3 слим;пc3 cлиm;playstation_3_slim;playstation_3_slim;console;PlayStation 3 Slim;540
пс4 слим;пc4 cлиm;playstation_4_slim;playstation_4_slim;console;PlayStation 4 Slim;540
пс4 про;пc4 пpo;playstation_4_pro;playstation_4_pro;console;PlayStation 4 Pro;540
пс4 фат;пc4 фat;playstation_4_fat;playstation_4_fat;console;PlayStation 4 Fat;540
пс5;пc5;playstation_5;playstation_5;console;PlayStation 5;540
пс5 слим;пc5 cлиm;playstation_5_slim;playstation_5_slim;console;PlayStation 5 Slim;540
пс5 digital;пc5 digital;playstation_5_digital_edition;playstation_5_digital_edition;console;PlayStation 5 Digital Edition;540
пс5 без дисковода;пc5 бeз диckoboдa;playstation_5_digital_edition;playstation_5_digital_edition;console;PlayStation 5 Digital Edition;540
пс5 про;пc5 пpo;playstation_5_pro;playstation_5_pro;console;PlayStation 5 Pro;540
приставка ps4 fat;пpиctabka ps4 fat;playstation_4_fat;playstation_4_fat;console;PlayStation 4 Fat;540
приставка ps4 pro;пpиctabka ps4 pro;playstation_4_pro;playstation_4_pro;console;PlayStation 4 Pro;540
приставка ps4 slim;пpиctabka ps4 slim;playstation_4_slim;playstation_4_slim;console;PlayStation 4 Slim;540
приставка ps5;пpиctabka ps5;playstation_5;playstation_5;console;PlayStation 5;540
приставка пс4 слим;пpиctabka пc4 cлиm;playstation_4_slim;playstation_4_slim;console;PlayStation 4 Slim;540
приставка пс4 про;пpиctabka пc4 пpo;playstation_4_pro;playstation_4_pro;console;PlayStation 4 Pro;540
приставка пс4 фат;пpиctabka пc4 фat;playstation_4_fat;playstation_4_fat;console;PlayStation 4 Fat;540
приставка пс5;пpиctabka пc5;playstation_5;playstation_5;console;PlayStation 5;540
плейстейшен 3 супер слим;плeйcteйшeh 3 cyпep cлиm;playstation_3_super_slim;playstation_3_super_slim;console;PlayStation 3 Super Slim;540
плейстейшен 3 слим;плeйcteйшeh 3 cлиm;playstation_3_slim;playstation_3_slim;console;PlayStation 3 Slim;540
плейстейшен 4 слим;плeйcteйшeh 4 cлиm;playstation_4_slim;playstation_4_slim;console;PlayStation 4 Slim;540
плейстейшен 4 про;плeйcteйшeh 4 пpo;playstation_4_pro;playstation_4_pro;console;PlayStation 4 Pro;540
плейстейшен 4 фат;плeйcteйшeh 4 фat;playstation_4_fat;playstation_4_fat;console;PlayStation 4 Fat;540
плейстейшен 5;плeйcteйшeh 5;playstation_5;playstation_5;console;PlayStation 5;540
плейстейшен 5 слим;плeйcteйшeh 5 cлиm;playstation_5_slim;playstation_5_slim;console;PlayStation 5 Slim;540
плейстейшен 5 без дисковода;плeйcteйшeh 5 бeз диckoboдa;playstation_5_digital_edition;playstation_5_digital_edition;console;PlayStation 5 Digital Edition;540
плейстейшен 5 про;плeйcteйшeh 5 пpo;playstation_5_pro;playstation_5_pro;console;PlayStation 5 Pro;540
плойка 5;плoйka 5;playstation_5;playstation_5;console;PlayStation 5;540
плойка 5 слим;плoйka 5 cлиm;playstation_5_slim;playstation_5_slim;console;PlayStation 5 Slim;540
плойка 5 про;плoйka 5 пpo;playstation_5_pro;playstation_5_pro;console;PlayStation 5 Pro;540
плойка слим;плoйka cлиm;playstation_4_slim;playstation_4_slim;console;PlayStation 4 Slim;540
плойка про;плoйka пpo;playstation_4_pro;playstation_4_pro;console;PlayStation 4 Pro;540
плойка фат;плoйka фat;playstation_4_fat;playstation_4_fat;console;PlayStation 4 Fat;540
шлем playstation vr;шлem playstation vr;playstation_vr;playstation_vr;accessory;PlayStation VR;540
шлем ps vr;шлem ps vr;playstation_vr;playstation_vr;accessory;PlayStation VR;540
Far Cry 3;far cry 3;far_cry_3;far_cry_3;game;Far Cry 3;470
far cry 3-1200/;far cry 3 1200;far_cry_3;far_cry_3;game;Far Cry 3;470
Far Cry 4;far cry 4;far_cry_4;far_cry_4;game;Far Cry 4;470
far cry 4-1000/;far cry 4 1000;far_cry_4;far_cry_4;game;Far Cry 4;470
FIFA 23;fifa 23;fifa_23;fifa_23;game;FIFA 23;455
fifa 23 ps;fifa 23 ps;fifa_23;fifa_23;game;FIFA 23;455
метро исход;metpo иcxoд;metro_exodus;metro_exodus;game;Metro Exodus;454
Metro Exodus;metro exodus;metro_exodus;metro_exodus;game;Metro Exodus;454
Diablo 3;diablo 3;diablo_3;diablo_3;game;Diablo 3;453
diablo 3 reaper souls;diablo 3 reaper souls;diablo_3;diablo_3;game;Diablo 3;453
UFC 2;ufc 2;ufc_2;ufc_2;game;UFC 2;451
ufc 2 (без коробки;ufc 2 бeз kopoбkи;ufc_2;ufc_2;game;UFC 2;451
avengers;avengers;marvel_avengers;marvel_avengers;game;Marvel Avengers;450
Marvel Avengers;marvel avengers;marvel_avengers;marvel_avengers;game;Marvel Avengers;450
мстители;mctиteли;marvel_avengers;marvel_avengers;game;Marvel Avengers;450
Shadow Of The Tomb Raider;shadow of the tomb raider;shadow_of_the_tomb_raider;shadow_of_the_tomb_raider;game;Shadow Of The Tomb Raider;449
shadow of tomb raider;shadow of tomb raider;shadow_of_the_tomb_raider;shadow_of_the_tomb_raider;game;Shadow Of The Tomb Raider;449
Days Gone;days gone;days_gone;days_gone;game;Days Gone;444
gays gone;gays gone;days_gone;days_gone;game;Days Gone;444
жизнь после;жизhь пocлe;days_gone;days_gone;game;Days Gone;444
Need For Speed Rivals;need for speed rivals;need_for_speed_rivals;need_for_speed_rivals;game;Need For Speed Rivals;442
nfs rivals;nfs rivals;need_for_speed_rivals;need_for_speed_rivals;game;Need For Speed Rivals;442
Mass Effect Andromeda;mass effect andromeda;mass_effect_andromeda;mass_effect_andromeda;game;Mass Effect Andromeda;428
horizon zero dawn;horizon zero dawn;horizon_zero_dawn_complete_edition;horizon_zero_dawn_complete_edition;game;Horizon Zero Dawn Complete Edition;427
Horizon Zero Dawn Complete Edition;horizon zero dawn complete edition;horizon_zero_dawn_complete_edition;horizon_zero_dawn_complete_edition;game;Horizon Zero Dawn Complete Edition;427
Gran Turismo Sport;gran turismo sport;gran_turismo_sport;gran_turismo_sport;game;Gran Turismo Sport;420
grand turismo sport;grand turismo sport;gran_turismo_sport;gran_turismo_sport;game;Gran Turismo Sport;420
Infamous Second Son;infamous second son;infamous_second_son;infamous_second_son;game;Infamous Second Son;418
Call Of Duty Mw;call of duty mw;call_of_duty_mw;call_of_duty_mw;game;Call Of Duty Mw;410
Call Of Duty Ww;call of duty ww;call_of_duty_ww;call_of_duty_ww;game;Call Of Duty Ww;410
Mad Max;mad max;mad_max;mad_max;game;Mad Max;410
Murdered Soul Suspect;murdered soul suspect;murdered_soul_suspect;murdered_soul_suspect;game;Murdered Soul Suspect;407
Atomic Heart;atomic heart;atomic_heart;atomic_heart;game;Atomic Heart;406
атомик харт;atomиk xapt;atomic_heart;atomic_heart;game;Atomic Heart;406
asseto corsa;asseto corsa;assetto_corsa;assetto_corsa;game;Assetto Corsa;403
Assetto Corsa;assetto corsa;assetto_corsa;assetto_corsa;game;Assetto Corsa;403
assassin creed черный флаг;assassin creed чephый флaг;assassin_s_creed_black_flag;assassin_s_creed_black_flag;game;Assassin S Creed Black Flag;402
Assassin S Creed Black Flag;assassin s creed black flag;assassin_s_creed_black_flag;assassin_s_creed_black_flag;game;Assassin S Creed Black Flag;402
assassins creed black flag;assassins creed black flag;assassin_s_creed_black_flag;assassin_s_creed_black_flag;game;Assassin S Creed Black Flag;402
черный флаг;чephый флaг;assassin_s_creed_black_flag;assassin_s_creed_black_flag;game;Assassin S Creed Black Flag;402
God Of War 3 Ps;god of war 3 ps;god_of_war_3_ps;god_of_war_3_ps;game;God Of War 3 Ps;401
Resident Evil;resident evil;resident_evil;resident_evil;game;Resident Evil;393
Assassin S Creed;assassin s creed;assassin_s_creed;assassin_s_creed;game;Assassin S Creed;383
Minecraft;minecraft;minecraft;minecraft;game;Minecraft;376
Человек Паук;чeлobek пayk;e_obek_ayk;e_obek_ayk;game;Человек Паук;375
Cyberpunk;cyberpunk;cyberpunk;cyberpunk;game;Cyberpunk;371
Mortal Kombat X;mortal kombat x;mortal_kombat_x;mortal_kombat_x;game;Mortal Kombat X;370
The Last Of Us;the last of us;the_last_of_us;the_last_of_us;game;The Last Of Us;369
Lego Star Wars;lego star wars;lego_star_wars;lego_star_wars;game;Lego Star Wars;368
Batman;batman;batman;batman;game;Batman;365
Gran Turismo 7 Ps;gran turismo 7 ps;gran_turismo_7_ps;gran_turismo_7_ps;game;Gran Turismo 7 Ps;363
Ведьмак;beдьmak;be_mak;be_mak;game;Ведьмак;362
Watch Dogs;watch dogs;watch_dogs;watch_dogs;game;Watch Dogs;361
Ratchet Clank;ratchet clank;ratchet_clank;ratchet_clank;game;Ratchet Clank;358
Еа Fс 26 Рус Локализация;ea fc 26 pyc лokaлизaция;ea_fc_26_pyc_oka_a;ea_fc_26_pyc_oka_a;game;Еа Fс 26 Рус Локализация;357
Spider Man;spider man;spider_man;spider_man;game;Spider Man;357
Tekken;tekken;tekken;tekken;game;Tekken;357
Dragon Age;dragon age;dragon_age;dragon_age;game;Dragon Age;356
The Order;the order;the_order;the_order;game;The Order;356
God Of War 3 Remastered;god of war 3 remastered;god_of_war_3_remastered;god_of_war_3_remastered;game;God Of War 3 Remastered;355
Last Of Us;last of us;last_of_us;last_of_us;game;Last Of Us;354
Bloodborn;bloodborn;bloodborn;bloodborn;game;Bloodborn;352
Lego 2k Drive;lego 2k drive;lego_2k_drive;lego_2k_drive;game;Lego 2k Drive;352
Elden Ring Ps;elden ring ps;elden_ring_ps;elden_ring_ps;game;Elden Ring Ps;351
Horizon Zero Dawn;horizon zero dawn;horizon_zero_dawn;horizon_zero_dawn;game;Horizon Zero Dawn;350
The Crew;the crew;the_crew;the_crew;game;The Crew;350
Hogwarts Legacy Ps;hogwarts legacy ps;hogwarts_legacy_ps;hogwarts_legacy_ps;game;Hogwarts Legacy Ps;349
Diablo;diablo;diablo;diablo;game;Diablo;347
Diablo IV;diablo iv;diablo_iv;diablo_iv;game;Diablo IV;347
Дожить До Рассвета;дoжиtь дo paccbeta;o_t_o_paccbeta;o_t_o_paccbeta;game;Дожить До Рассвета;347
Призрак Цусимы;пpизpak цycиmы;p_pak_yc_m;p_pak_yc_m;game;Призрак Цусимы;347
God Of War Ragnarok Ps;god of war ragnarok ps;god_of_war_ragnarok_ps;god_of_war_ragnarok_ps;game;God Of War Ragnarok Ps;346
Snow Runner;snow runner;snow_runner;snow_runner;game;Snow Runner;346
Final Fantasy;final fantasy;final_fantasy;final_fantasy;game;Final Fantasy;345
Final Fantasy Xv;final fantasy xv;final_fantasy_xv;final_fantasy_xv;game;Final Fantasy Xv;345
Final Fantasy Xv Final Fantasy;final fantasy xv final fantasy;final_fantasy_xv_final_fantasy;final_fantasy_xv_final_fantasy;game;Final Fantasy Xv Final Fantasy;345
Evil West;evil west;evil_west;evil_west;game;Evil West;343
Minecraft Legends;minecraft legends;minecraft_legends;minecraft_legends;game;Minecraft Legends;343
Sniper Elite;sniper elite;sniper_elite;sniper_elite;game;Sniper Elite;343
Borderlands;borderlands;borderlands;borderlands;game;Borderlands;341
Borderlands 3 Ps;borderlands 3 ps;borderlands_3_ps;borderlands_3_ps;game;Borderlands 3 Ps;341
Little Nightmares;little nightmares;little_nightmares;little_nightmares;game;Little Nightmares;341
Littlе Nightmаrеs 1 И;little nightmares 1 и;little_nightmares_1;little_nightmares_1;game;Littlе Nightmаrеs 1 И;341
Mortal Kombat 11 Ultimate;mortal kombat 11 ultimate;mortal_kombat_11_ultimate;mortal_kombat_11_ultimate;game;Mortal Kombat 11 Ultimate;339
Tomb Raider;tomb raider;tomb_raider;tomb_raider;game;Tomb Raider;339
Gran Turismo Sport Ps;gran turismo sport ps;gran_turismo_sport_ps;gran_turismo_sport_ps;game;Gran Turismo Sport Ps;338
Fс 26 Рs4 Новый;fc 26 ps4 hobый;fc_26_ps4_hob;fc_26_ps4_hob;game;Fс 26 Рs4 Новый;337
Mafia Definitive Edition;mafia definitive edition;mafia_definitive_edition;mafia_definitive_edition;game;Mafia Definitive Edition;337
Mafia Definitive Edition Ps;mafia definitive edition ps;mafia_definitive_edition_ps;mafia_definitive_edition_ps;game;Mafia Definitive Edition Ps;337
Dead Island;dead island;dead_island;dead_island;game;Dead Island;336
Dying Light Ps;dying light ps;dying_light_ps;dying_light_ps;game;Dying Light Ps;336
Gta Trilogy;gta trilogy;gta_trilogy;gta_trilogy;game;Gta Trilogy;335
Wolfenstein;wolfenstein;wolfenstein;wolfenstein;game;Wolfenstein;335
Metro Exodus Ps;metro exodus ps;metro_exodus_ps;metro_exodus_ps;game;Metro Exodus Ps;334
Metro Redux;metro redux;metro_redux;metro_redux;game;Metro Redux;334
Rayman Legends;rayman legends;rayman_legends;rayman_legends;game;Rayman Legends;334
Второй Сын;btopoй cыh;btopo_c_h;btopo_c_h;game;Второй Сын;333
Call Of Duty Cold War;call of duty cold war;call_of_duty_cold_war;call_of_duty_cold_war;game;Call Of Duty Cold War;333
Far Cry Primal;far cry primal;far_cry_primal;far_cry_primal;game;Far Cry Primal;333
Drive Club;drive club;drive_club;drive_club;game;Drive Club;332
Horizon Forbidden West;horizon forbidden west;horizon_forbidden_west;horizon_forbidden_west;game;Horizon Forbidden West;331
Horizon Forbidden West Ps;horizon forbidden west ps;horizon_forbidden_west_ps;horizon_forbidden_west_ps;game;Horizon Forbidden West Ps;331
Diablo 3 Ultimate Evil Edition;diablo 3 ultimate evil edition;diablo_3_ultimate_evil_edition;diablo_3_ultimate_evil_edition;game;Diablo 3 Ultimate Evil Edition;330
Dead Space;dead space;dead_space;dead_space;game;Dead Space;329
Еа FС 24 ( FIFА 24) полностью на рус;ea fc 24 fifa 24 пoлhoctью ha pyc;ea_fc_24_o_hoct_ha_pyc;ea_fc_24_o_hoct_ha_pyc;game;Еа Fс 24 Полностью На Рус;328
Еа Fс 24 Полностью На Рус;ea fc 24 пoлhoctью ha pyc;ea_fc_24_o_hoct_ha_pyc;ea_fc_24_o_hoct_ha_pyc;game;Еа Fс 24 Полностью На Рус;328
Far Cry New Dawn;far cry new dawn;far_cry_new_dawn;far_cry_new_dawn;game;Far Cry New Dawn;328
Horizon Complete Ps;horizon complete ps;horizon_complete_ps;horizon_complete_ps;game;Horizon Complete Ps;327
Just Cause;just cause;just_cause;just_cause;game;Just Cause;327
Division;division;division;division;game;Division;325
Horizon Complete Edition;horizon complete edition;horizon_complete_edition;horizon_complete_edition;game;Horizon Complete Edition;325
Metal Gear Solid;metal gear solid;metal_gear_solid;metal_gear_solid;game;Metal Gear Solid;325
Callisto Protocol;callisto protocol;callisto_protocol;callisto_protocol;game;Callisto Protocol;324
Callisto Protocol Ps;callisto protocol ps;callisto_protocol_ps;callisto_protocol_ps;game;Callisto Protocol Ps;324
Darksiders;darksiders;darksiders;darksiders;game;Darksiders;323
The Callisto Protocol;the callisto protocol;the_callisto_protocol;the_callisto_protocol;game;The Callisto Protocol;323
Battlefield 2042 Ps;battlefield 2042 ps;battlefield_2042_ps;battlefield_2042_ps;game;Battlefield 2042 Ps;322
Lеgо Мстители;lego mctиteли;lego_mct_te;lego_mct_te;game;Lеgо Мстители;322
Метро Исход;metpo иcxoд;metpo_cxo;metpo_cxo;game;Метро Исход;322
Need For Speed Payback;need for speed payback;need_for_speed_payback;need_for_speed_payback;game;Need For Speed Payback;322
Dead Rising;dead rising;dead_rising;dead_rising;game;Dead Rising;321
Killzone;killzone;killzone;killzone;game;Killzone;321
Street Fighter;street fighter;street_fighter;street_fighter;game;Street Fighter;321
Call Of Duty Infinite Warfare Ps;call of duty infinite warfare ps;call_of_duty_infinite_warfare_ps;call_of_duty_infinite_warfare_ps;game;Call Of Duty Infinite Warfare Ps;320
Chernobylite;chernobylite;chernobylite;chernobylite;game;Chernobylite;320
Batman Arkham Collection;batman arkham collection;batman_arkham_collection;batman_arkham_collection;game;Batman Arkham Collection;319
Control;control;control;control;game;Control;319
Farcry;farcry;farcry;farcry;game;Farcry;319
unсhаrtеd 4: путь вора;uncharted 4 пytь bopa;uncharted_yt_bopa;uncharted_yt_bopa;game;Unсhаrtеd Путь Вора;319
Unсhаrtеd Путь Вора;uncharted пytь bopa;uncharted_yt_bopa;uncharted_yt_bopa;game;Unсhаrtеd Путь Вора;319
Saints Row;saints row;saints_row;saints_row;game;Saints Row;318
Человек Паук Майлз Моралес;чeлobek пayk maйлз mopaлec;e_obek_ayk_ma_mopa_ec;e_obek_ayk_ma_mopa_ec;game;Человек Паук Майлз Моралес;318
Аssаssin S Сrееd Синдикат;assassin s creed cиhдиkat;assassin_s_creed_c_h_kat;assassin_s_creed_c_h_kat;game;Аssаssin S Сrееd Синдикат;317
Assassin S Creed Mirage;assassin s creed mirage;assassin_s_creed_mirage;assassin_s_creed_mirage;game;Assassin S Creed Mirage;317
Demon Souls;demon souls;demon_souls;demon_souls;game;Demon Souls;317
Devil May Cry Hd Collection;devil may cry hd collection;devil_may_cry_hd_collection;devil_may_cry_hd_collection;game;Devil May Cry Hd Collection;317
Unсhаrtеd Утраченное Наследие;uncharted ytpaчehhoe hacлeдиe;uncharted_ytpa_ehhoe_hac_e_e;uncharted_ytpa_ehhoe_hac_e_e;game;Unсhаrtеd Утраченное Наследие;317
Crash Bandicoot;crash bandicoot;crash_bandicoot;crash_bandicoot;game;Crash Bandicoot;316
Gта V Рs4 Новый;gta v ps4 hobый;gta_v_ps4_hob;gta_v_ps4_hob;game;Gта V Рs4 Новый;316
Plants Vs Zombies Gw;plants vs zombies gw;plants_vs_zombies_gw;plants_vs_zombies_gw;game;Plants Vs Zombies Gw;316
Аssаssin Сrееd Единство;assassin creed eдиhctbo;assassin_creed_e_hctbo;assassin_creed_e_hctbo;game;Аssаssin Сrееd Единство;315
Аssаssin S Сrееd Единство;assassin s creed eдиhctbo;assassin_s_creed_e_hctbo;assassin_s_creed_e_hctbo;game;Аssаssin S Сrееd Единство;315
Drive Club Driveclub;drive club driveclub;drive_club_driveclub;drive_club_driveclub;game;Drive Club Driveclub;315
Driveclub;driveclub;driveclub;driveclub;game;Driveclub;315
Driveclub Ps;driveclub ps;driveclub_ps;driveclub_ps;game;Driveclub Ps;315
Just Dance;just dance;just_dance;just_dance;game;Just Dance;315
Naruto;naruto;naruto;naruto;game;Naruto;315
Sonic Forces;sonic forces;sonic_forces;sonic_forces;game;Sonic Forces;315
Ведьмак 3 Игра Года;beдьmak 3 игpa гoдa;be_mak_3_pa_o_a;be_mak_3_pa_o_a;game;Ведьмак 3 Игра Года;314
fаr сry 4 рs4 (новый;far cry 4 ps4 hobый;far_cry_ps4_hob;far_cry_ps4_hob;game;Fаr Сry Рs4 Новый;314
fаr сry 5 рs4 (новый;far cry 5 ps4 hobый;far_cry_ps4_hob;far_cry_ps4_hob;game;Fаr Сry Рs4 Новый;314
Fаr Сry 6 Рs4 Новый;far cry 6 ps4 hobый;far_cry_6_ps4_hob;far_cry_6_ps4_hob;game;Fаr Сry 6 Рs4 Новый;314
Fаr Сry Рs4 Новый;far cry ps4 hobый;far_cry_ps4_hob;far_cry_ps4_hob;game;Fаr Сry Рs4 Новый;314
Little Nightmares Complete Edition;little nightmares complete edition;little_nightmares_complete_edition;little_nightmares_complete_edition;game;Little Nightmares Complete Edition;314
🔸 minecraft playstation 4 edition ps;minecraft playstation 4 edition ps;minecraft_playstation_edition_ps;minecraft_playstation_edition_ps;game;Minecraft Playstation Edition Ps;314
Minecraft Playstation Edition Ps;minecraft playstation edition ps;minecraft_playstation_edition_ps;minecraft_playstation_edition_ps;game;Minecraft Playstation Edition Ps;314
Аvеngеrs Мстители;avengers mctиteли;avengers_mct_te;avengers_mct_te;game;Аvеngеrs Мстители;313
Battlefront;battlefront;battlefront;battlefront;game;Battlefront;313
Ведьмак 3 Дикая Охота;beдьmak 3 диkaя oxota;be_mak_3_ka_oxota;be_mak_3_ka_oxota;game;Ведьмак 3 Дикая Охота;313
Dеtrоit Стать Человеком;detroit ctatь чeлobekom;detroit_ctat_e_obekom;detroit_ctat_e_obekom;game;Dеtrоit Стать Человеком;313
Hello Neighbor;hello neighbor;hello_neighbor;hello_neighbor;game;Hello Neighbor;313
Hello Neighbor 2 Ps;hello neighbor 2 ps;hello_neighbor_2_ps;hello_neighbor_2_ps;game;Hello Neighbor 2 Ps;313
Dead Island Definitive Edition;dead island definitive edition;dead_island_definitive_edition;dead_island_definitive_edition;game;Dead Island Definitive Edition;312
God Of War 2018 Ps;god of war 2018 ps;god_of_war_2018_ps;god_of_war_2018_ps;game;God Of War 2018 Ps;312
Ноrizоn Запретный Запад;horizon зaпpethый зaпaд;horizon_a_peth_a_a;horizon_a_peth_a_a;game;Ноrizоn Запретный Запад;312
Injustice 2 Legendary Edition;injustice 2 legendary edition;injustice_2_legendary_edition;injustice_2_legendary_edition;game;Injustice 2 Legendary Edition;312
Marvel Guardians Of The Galaxy Ps;marvel guardians of the galaxy ps;marvel_guardians_of_the_galaxy_ps;marvel_guardians_of_the_galaxy_ps;game;Marvel Guardians Of The Galaxy Ps;312
Одни Из Нас Часть;oдhи из hac чactь;o_h_hac_act;o_h_hac_act;game;Одни Из Нас Часть;312
Sonic Team Racing;sonic team racing;sonic_team_racing;sonic_team_racing;game;Sonic Team Racing;312
The Evil Within;the evil within;the_evil_within;the_evil_within;game;The Evil Within;312
Crash Bandicoot Trilogy;crash bandicoot trilogy;crash_bandicoot_trilogy;crash_bandicoot_trilogy;game;Crash Bandicoot Trilogy;311
Final Fantasy 7 Remake;final fantasy 7 remake;final_fantasy_7_remake;final_fantasy_7_remake;game;Final Fantasy 7 Remake;311
Ghost Recon Wildlands;ghost recon wildlands;ghost_recon_wildlands;ghost_recon_wildlands;game;Ghost Recon Wildlands;311
Мinесrаft Рs4 Новый;minecraft ps4 hobый;minecraft_ps4_hob;minecraft_ps4_hob;game;Мinесrаft Рs4 Новый;311
Rаinbоw Siх Осада;rainbow six ocaдa;rainbow_six_oca_a;rainbow_six_oca_a;game;Rаinbоw Siх Осада;311
Snowrunner;snowrunner;snowrunner;snowrunner;game;Snowrunner;311
The Quarry;the quarry;the_quarry;the_quarry;game;The Quarry;311
Biomutant;biomutant;biomutant;biomutant;game;Biomutant;310
Call Of Duty Bo IV 2700;call of duty bo iv 2700;call_of_duty_bo_iv_2700;call_of_duty_bo_iv_2700;game;Call Of Duty Bo IV 2700;310
Crash Team Racing;crash team racing;crash_team_racing;crash_team_racing;game;Crash Team Racing;310
Dishonored;dishonored;dishonored;dishonored;game;Dishonored;310
Lies Of P;lies of p;lies_of_p;lies_of_p;game;Lies Of P;310
Project Cars;project cars;project_cars;project_cars;game;Project Cars;310
Tom Clancy S Division;tom clancy s division;tom_clancy_s_division;tom_clancy_s_division;game;Tom Clancy S Division;310
Wreckfest;wreckfest;wreckfest;wreckfest;game;Wreckfest;310
Аssаssins Сrееd Единство;assassins creed eдиhctbo;assassins_creed_e_hctbo;assassins_creed_e_hctbo;game;Аssаssins Сrееd Единство;309
Cuphead;cuphead;cuphead;cuphead;game;Cuphead;309
Dаys Gоnе Жизнь После;days gone жизhь пocлe;days_gone_h_oc_e;days_gone_h_oc_e;game;Dаys Gоnе Жизнь После;309
Deus Ex;deus ex;deus_ex;deus_ex;game;Deus Ex;309
God Of War III;god of war iii;god_of_war_iii;god_of_war_iii;game;God Of War III;309
Infаmоus Второй Сын;infamous btopoй cыh;infamous_btopo_c_h;infamous_btopo_c_h;game;Infаmоus Второй Сын;309
The Crew Motorfest;the crew motorfest;the_crew_motorfest;the_crew_motorfest;game;The Crew Motorfest;309
Call Of Duty Black Ops;call of duty black ops;call_of_duty_black_ops;call_of_duty_black_ops;game;Call Of Duty Black Ops;308
Call Of Duty Black Ops 3 Ps;call of duty black ops 3 ps;call_of_duty_black_ops_3_ps;call_of_duty_black_ops_3_ps;game;Call Of Duty Black Ops 3 Ps;308
Fс 25 ( fifа 25 ) полностью на рус языке;fc 25 fifa 25 пoлhoctью ha pyc языke;fc_25_o_hoct_ha_pyc_ke;fc_25_o_hoct_ha_pyc_ke;game;Fс 25 Полностью На Рус Языке;308
Fс 25 Полностью На Рус Языке;fc 25 пoлhoctью ha pyc языke;fc_25_o_hoct_ha_pyc_ke;fc_25_o_hoct_ha_pyc_ke;game;Fс 25 Полностью На Рус Языке;308
Little Big Planet;little big planet;little_big_planet;little_big_planet;game;Little Big Planet;308
Man Of Medan Ps;man of medan ps;man_of_medan_ps;man_of_medan_ps;game;Man Of Medan Ps;308
Need For Speed Heat;need for speed heat;need_for_speed_heat;need_for_speed_heat;game;Need For Speed Heat;308
Sekiro;sekiro;sekiro;sekiro;game;Sekiro;308
Аssаssins Сrееd Вальгалла;assassins creed baльгaллa;assassins_creed_ba_a_a;assassins_creed_ba_a_a;game;Аssаssins Сrееd Вальгалла;307
For Honor;for honor;for_honor;for_honor;game;For Honor;307
Titanfall;titanfall;titanfall;titanfall;game;Titanfall;307
Grand Turismo;grand turismo;grand_turismo;grand_turismo;game;Grand Turismo;306
Аssаssins Сrееd Синдикат;assassins creed cиhдиkat;assassins_creed_c_h_kat;assassins_creed_c_h_kat;game;Аssаssins Сrееd Синдикат;305
Аssаssins Сrееd Одиссея;assassins creed oдиcceя;assassins_creed_o_cce;assassins_creed_o_cce;game;Аssаssins Сrееd Одиссея;305
Ваtmаn Рыцарь Аркхема;batman pыцapь apkxema;batman_p_ap_apkxema;batman_p_ap_apkxema;game;Ваtmаn Рыцарь Аркхема;305
Batman Return To Arkham;batman return to arkham;batman_return_to_arkham;batman_return_to_arkham;game;Batman Return To Arkham;305
diаblо 4 рs4 (новый;diablo 4 ps4 hobый;diablo_ps4_hob;diablo_ps4_hob;game;Diаblо Рs4 Новый;305
Diаblо Рs4 Новый;diablo ps4 hobый;diablo_ps4_hob;diablo_ps4_hob;game;Diаblо Рs4 Новый;305
Evolve;evolve;evolve;evolve;game;Evolve;305
Evolve Ps;evolve ps;evolve_ps;evolve_ps;game;Evolve Ps;305
Resident Evil Revelations;resident evil revelations;resident_evil_revelations;resident_evil_revelations;game;Resident Evil Revelations;305
The Outer Worlds;the outer worlds;the_outer_worlds;the_outer_worlds;game;The Outer Worlds;305
Dark Souls 3 Goty;dark souls 3 goty;dark_souls_3_goty;dark_souls_3_goty;game;Dark Souls 3 Goty;304
Dеаth Strаnding Рs4 Новый;death stranding ps4 hobый;death_stranding_ps4_hob;death_stranding_ps4_hob;game;Dеаth Strаnding Рs4 Новый;304
Gta Trilogy Ps;gta trilogy ps;gta_trilogy_ps;gta_trilogy_ps;game;Gta Trilogy Ps;304
Kingdom Come Deliverance;kingdom come deliverance;kingdom_come_deliverance;kingdom_come_deliverance;game;Kingdom Come Deliverance;304
Mortal Kombat 11 Ps;mortal kombat 11 ps;mortal_kombat_11_ps;mortal_kombat_11_ps;game;Mortal Kombat 11 Ps;304
Mortal Kombat X Ps;mortal kombat x ps;mortal_kombat_x_ps;mortal_kombat_x_ps;game;Mortal Kombat X Ps;304
Mortal Kombat Xl;mortal kombat xl;mortal_kombat_xl;mortal_kombat_xl;game;Mortal Kombat Xl;304
Mortal Kombat Xl Ps;mortal kombat xl ps;mortal_kombat_xl_ps;mortal_kombat_xl_ps;game;Mortal Kombat Xl Ps;304
Overwatch;overwatch;overwatch;overwatch;game;Overwatch;304
Drаgоn Аgе Инквизиция;dragon age иhkbизиция;dragon_age_hkb;dragon_age_hkb;game;Drаgоn Аgе Инквизиция;303
Farcry Primal;farcry primal;farcry_primal;farcry_primal;game;Farcry Primal;303
Gran Turismo;gran turismo;gran_turismo;gran_turismo;game;Gran Turismo;303
Homefront;homefront;homefront;homefront;game;Homefront;303
Crysis Remastered Trilogy;crysis remastered trilogy;crysis_remastered_trilogy;crysis_remastered_trilogy;game;Crysis Remastered Trilogy;302
Еvil Wеst Рs4 Новый;evil west ps4 hobый;evil_west_ps4_hob;evil_west_ps4_hob;game;Еvil Wеst Рs4 Новый;302
Littlе Nightmаrеs 3 Рs4 Новый;little nightmares 3 ps4 hobый;little_nightmares_3_ps4_hob;little_nightmares_3_ps4_hob;game;Littlе Nightmаrеs 3 Рs4 Новый;302
Lеgо Wоrlds Рs4 Новый;lego worlds ps4 hobый;lego_worlds_ps4_hob;lego_worlds_ps4_hob;game;Lеgо Wоrlds Рs4 Новый;301
Medievil;medievil;medievil;medievil;game;Medievil;301
Sleeping Dogs;sleeping dogs;sleeping_dogs;sleeping_dogs;game;Sleeping Dogs;301
Тоm Сlаnсy S Rаinbоw Siх Осада;tom clancy s rainbow six ocaдa;tom_clancy_s_rainbow_six_oca_a;tom_clancy_s_rainbow_six_oca_a;game;Тоm Сlаnсy S Rаinbоw Siх Осада;301
Assassins Creed Mirage;assassins creed mirage;assassins_creed_mirage;assassins_creed_mirage;game;Assassins Creed Mirage;300
Atomic Heart Ps;atomic heart ps;atomic_heart_ps;atomic_heart_ps;game;Atomic Heart Ps;300
Far Cry;far cry;far_cry;far_cry;game;Far Cry;300
God Of War III Remastered;god of war iii remastered;god_of_war_iii_remastered;god_of_war_iii_remastered;game;God Of War III Remastered;300
Grаn Тurismо 7 Рs4 Новый;gran turismo 7 ps4 hobый;gran_turismo_7_ps4_hob;gran_turismo_7_ps4_hob;game;Grаn Тurismо 7 Рs4 Новый;300
gta 5 premium edition;gta 5 premium edition;gta_premium_edition;gta_premium_edition;game;Gta Premium Edition;300
Gta Premium Edition;gta premium edition;gta_premium_edition;gta_premium_edition;game;Gta Premium Edition;300
Маfiа Тrilоgy Рs4 Новый;mafia trilogy ps4 hobый;mafia_trilogy_ps4_hob;mafia_trilogy_ps4_hob;game;Маfiа Тrilоgy Рs4 Новый;300
Marvel Vs Capcom;marvel vs capcom;marvel_vs_capcom;marvel_vs_capcom;game;Marvel Vs Capcom;300
Resident Evil 7 Biohazard;resident evil 7 biohazard;resident_evil_7_biohazard;resident_evil_7_biohazard;game;Resident Evil 7 Biohazard;300
South Park;south park;south_park;south_park;game;South Park;300
Star Wars Squadrons;star wars squadrons;star_wars_squadrons;star_wars_squadrons;game;Star Wars Squadrons;300
Assassins Creed Valhalla;assassins creed valhalla;assassins_creed_valhalla;assassins_creed_valhalla;game;Assassins Creed Valhalla;299
Batman Arkham Knight;batman arkham knight;batman_arkham_knight;batman_arkham_knight;game;Batman Arkham Knight;299
Dishonored Definitive Edition;dishonored definitive edition;dishonored_definitive_edition;dishonored_definitive_edition;game;Dishonored Definitive Edition;299
Farcry New Dawn;farcry new dawn;farcry_new_dawn;farcry_new_dawn;game;Farcry New Dawn;299
Неаvy Rаin И За Гранью Для Души;heavy rain и зa гpahью для дyши;heavy_rain_a_pah_y;heavy_rain_a_pah_y;game;Неаvy Rаin И За Гранью Для Души;299
Моrtаl kоmbаt 11 ultimаtе (новые) рs;mortal kombat 11 ultimate hobыe ps;mortal_kombat_11_ultimate_ps;mortal_kombat_11_ultimate_ps;game;Mortal Kombat 11 Ultimate Ps;299
Mortal Kombat 11 Ultimate Ps;mortal kombat 11 ultimate ps;mortal_kombat_11_ultimate_ps;mortal_kombat_11_ultimate_ps;game;Mortal Kombat 11 Ultimate Ps;299
Murdered;murdered;murdered;murdered;game;Murdered;299
Murdered Ps;murdered ps;murdered_ps;murdered_ps;game;Murdered Ps;299
Assassin S Creed Chronicles;assassin s creed chronicles;assassin_s_creed_chronicles;assassin_s_creed_chronicles;game;Assassin S Creed Chronicles;298
Farming Simulator;farming simulator;farming_simulator;farming_simulator;game;Farming Simulator;298
Ghоst Оf Тsushimа Призрак Цусимы;ghost of tsushima пpизpak цycиmы;ghost_of_tsushima_p_pak_yc_m;ghost_of_tsushima_p_pak_yc_m;game;Ghоst Оf Тsushimа Призрак Цусимы;298
Infamous Second Son Ps;infamous second son ps;infamous_second_son_ps;infamous_second_son_ps;game;Infamous Second Son Ps;298
Кill Zоnе В Плену Сумрака Рs4 Рs;kill zone b плehy cympaka ps4 ps;kill_zone_b_ehy_cympaka_ps4_ps;kill_zone_b_ehy_cympaka_ps4_ps;game;Кill Zоnе В Плену Сумрака Рs4 Рs;298
Lego Ninjago;lego ninjago;lego_ninjago;lego_ninjago;game;Lego Ninjago;298
Меtrо Ехоdus Рs4 Новый;metro exodus ps4 hobый;metro_exodus_ps4_hob;metro_exodus_ps4_hob;game;Меtrо Ехоdus Рs4 Новый;298
Terminator Resistance;terminator resistance;terminator_resistance;terminator_resistance;game;Terminator Resistance;298
Alien Isolation;alien isolation;alien_isolation;alien_isolation;game;Alien Isolation;297
Саrs 3 Тачки;cars 3 taчkи;cars_3_ta_k;cars_3_ta_k;game;Саrs 3 Тачки;297
Diablo III;diablo iii;diablo_iii;diablo_iii;game;Diablo III;297
Dооm Еtеrnаl Рs4 Новый;doom eternal ps4 hobый;doom_eternal_ps4_hob;doom_eternal_ps4_hob;game;Dооm Еtеrnаl Рs4 Новый;297
Hot Wheels Unleashed;hot wheels unleashed;hot_wheels_unleashed;hot_wheels_unleashed;game;Hot Wheels Unleashed;297
Lеgо Суперсемейка;lego cyпepcemeйka;lego_cy_epceme_ka;lego_cy_epceme_ka;game;Lеgо Суперсемейка;297
Lеgо Суперсемейка Рs;lego cyпepcemeйka ps;lego_cy_epceme_ka_ps;lego_cy_epceme_ka_ps;game;Lеgо Суперсемейка Рs;297
Lеgо Звездные Войны;lego зbeздhыe boйhы;lego_be_h_e_bo_h;lego_be_h_e_bo_h;game;Lеgо Звездные Войны;297
Маd Мах Рs4 Новый;mad max ps4 hobый;mad_max_ps4_hob;mad_max_ps4_hob;game;Маd Мах Рs4 Новый;297
Меtrо Rеduх Рs4 Новый;metro redux ps4 hobый;metro_redux_ps4_hob;metro_redux_ps4_hob;game;Меtrо Rеduх Рs4 Новый;297
Mirror S Edge Catalyst;mirror s edge catalyst;mirror_s_edge_catalyst;mirror_s_edge_catalyst;game;Mirror S Edge Catalyst;297
Аssаssin S Сrееd Черный Флаг;assassin s creed чephый флaг;assassin_s_creed_eph_a;assassin_s_creed_eph_a;game;Аssаssin S Сrееd Черный Флаг;296
Ваttlеfiеld 2042 Рs4 Новый;battlefield 2042 ps4 hobый;battlefield_2042_ps4_hob;battlefield_2042_ps4_hob;game;Ваttlеfiеld 2042 Рs4 Новый;296
Ghost Of Yotei;ghost of yotei;ghost_of_yotei;ghost_of_yotei;game;Ghost Of Yotei;296
Ноrizоn Fоrbiddеn Wеst Рs4 Новый;horizon forbidden west ps4 hobый;horizon_forbidden_west_ps4_hob;horizon_forbidden_west_ps4_hob;game;Ноrizоn Fоrbiddеn Wеst Рs4 Новый;296
Killing Floor;killing floor;killing_floor;killing_floor;game;Killing Floor;296
Метро Возвращение;metpo boзbpaщehиe;metpo_bo_bpa_eh_e;metpo_bo_bpa_eh_e;game;Метро Возвращение;296
Need For Speed Hot Pursuit Remastered;need for speed hot pursuit remastered;need_for_speed_hot_pursuit_remastered;need_for_speed_hot_pursuit_remastered;game;Need For Speed Hot Pursuit Remastered;296
Аssаssin S Сrееd Vаlhаllа Вальгалла;assassin s creed valhalla baльгaллa;assassin_s_creed_valhalla_ba_a_a;assassin_s_creed_valhalla_ba_a_a;game;Аssаssin S Сrееd Vаlhаllа Вальгалла;295
Вiоmutаnt Рs4 Новый;biomutant ps4 hobый;biomutant_ps4_hob;biomutant_ps4_hob;game;Вiоmutаnt Рs4 Новый;295
Саll Оf Duty Вlасk Орs Соld Wаr Рs4 Новый;call of duty black ops cold war ps4 hobый;call_of_duty_black_ops_cold_war_ps4_hob;call_of_duty_black_ops_cold_war_ps4_hob;game;Саll Оf Duty Вlасk Орs Соld Wаr Рs4 Новый;295
Call Of Duty Infinity;call of duty infinity;call_of_duty_infinity;call_of_duty_infinity;game;Call Of Duty Infinity;295
Civilization;civilization;civilization;civilization;game;Civilization;295
dеvil маy сry 5 рs4 (новый;devil may cry 5 ps4 hobый;devil_may_cry_ps4_hob;devil_may_cry_ps4_hob;game;Dеvil Маy Сry Рs4 Новый;295
Dеvil Маy Сry Рs4 Новый;devil may cry ps4 hobый;devil_may_cry_ps4_hob;devil_may_cry_ps4_hob;game;Dеvil Маy Сry Рs4 Новый;295
Fаr Сry Рrimаl Рs4 Новый;far cry primal ps4 hobый;far_cry_primal_ps4_hob;far_cry_primal_ps4_hob;game;Fаr Сry Рrimаl Рs4 Новый;295
Jurassic World Evolution;jurassic world evolution;jurassic_world_evolution;jurassic_world_evolution;game;Jurassic World Evolution;295
Kingdom Hearts;kingdom hearts;kingdom_hearts;kingdom_hearts;game;Kingdom Hearts;295
metal gear solid 5 ground;metal gear solid 5 ground;metal_gear_solid_ground;metal_gear_solid_ground;game;Metal Gear Solid Ground;295
Metal Gear Solid Ground;metal gear solid ground;metal_gear_solid_ground;metal_gear_solid_ground;game;Metal Gear Solid Ground;295
Меtrо Ехоdus Рs4 Метро Исход Рs;metro exodus ps4 metpo иcxoд ps;metro_exodus_ps4_metpo_cxo_ps;metro_exodus_ps4_metpo_cxo_ps;game;Меtrо Ехоdus Рs4 Метро Исход Рs;295
Mortal Kombat;mortal kombat;mortal_kombat;mortal_kombat;game;Mortal Kombat;295
Sniper Ghost Warrior Contracts;sniper ghost warrior contracts;sniper_ghost_warrior_contracts;sniper_ghost_warrior_contracts;game;Sniper Ghost Warrior Contracts;295
Uncharted;uncharted;uncharted;uncharted;game;Uncharted;295
Аssаssin S Сrееd Изгой;assassin s creed изгoй;assassin_s_creed_o;assassin_s_creed_o;game;Аssаssin S Сrееd Изгой;294
Assetto Corsa Ultimate Edition;assetto corsa ultimate edition;assetto_corsa_ultimate_edition;assetto_corsa_ultimate_edition;game;Assetto Corsa Ultimate Edition;294
Balan Wonderworld;balan wonderworld;balan_wonderworld;balan_wonderworld;game;Balan Wonderworld;294
Balan Wonderworld Ps;balan wonderworld ps;balan_wonderworld_ps;balan_wonderworld_ps;game;Balan Wonderworld Ps;294
Code Vein;code vein;code_vein;code_vein;game;Code Vein;294
Средиземье Тени Мордора;cpeдизemьe tehи mopдopa;cpe_em_e_teh_mop_opa;cpe_em_e_teh_mop_opa;game;Средиземье Тени Мордора;294
Devil May Cry;devil may cry;devil_may_cry;devil_may_cry;game;Devil May Cry;294
Diablo 3 The Reaper Of Souls Ultimate Edition;diablo 3 the reaper of souls ultimate edition;diablo_3_the_reaper_of_souls_ultimate_edition;diablo_3_the_reaper_of_souls_ultimate_edition;game;Diablo 3 The Reaper Of Souls Ultimate Edition;294
Ghоst Оf Тsushimа Рs4 Новый;ghost of tsushima ps4 hobый;ghost_of_tsushima_ps4_hob;ghost_of_tsushima_ps4_hob;game;Ghоst Оf Тsushimа Рs4 Новый;294
Sonic Colours Ultimate;sonic colours ultimate;sonic_colours_ultimate;sonic_colours_ultimate;game;Sonic Colours Ultimate;294
Trials Fusion;trials fusion;trials_fusion;trials_fusion;game;Trials Fusion;294
Dark Pictures Man Of Medan;dark pictures man of medan;dark_pictures_man_of_medan;dark_pictures_man_of_medan;game;Dark Pictures Man Of Medan;293
Dark Pictures Man Of Medan Ps;dark pictures man of medan ps;dark_pictures_man_of_medan_ps;dark_pictures_man_of_medan_ps;game;Dark Pictures Man Of Medan Ps;293
Daymare;daymare;daymare;daymare;game;Daymare;293
Ghostrunner;ghostrunner;ghostrunner;ghostrunner;game;Ghostrunner;293
Infаmоus Первый Свет;infamous пepbый cbet;infamous_epb_cbet;infamous_epb_cbet;game;Infаmоus Первый Свет;293
Injustiсе 2 Lеgеndаry Еditiоn Рs4 Новый;injustice 2 legendary edition ps4 hobый;injustice_2_legendary_edition_ps4_hob;injustice_2_legendary_edition_ps4_hob;game;Injustiсе 2 Lеgеndаry Еditiоn Рs4 Новый;293
Lеgо Хоббит;lego xoббиt;lego_xo_t;lego_xo_t;game;Lеgо Хоббит;293
Littlе Вig Рlаnеt 3 Рs4 Новый;little big planet 3 ps4 hobый;little_big_planet_3_ps4_hob;little_big_planet_3_ps4_hob;game;Littlе Вig Рlаnеt 3 Рs4 Новый;293
Maneater;maneater;maneater;maneater;game;Maneater;293
Sleeping Dogs Definitive Edition;sleeping dogs definitive edition;sleeping_dogs_definitive_edition;sleeping_dogs_definitive_edition;game;Sleeping Dogs Definitive Edition;293
Trials Rising;trials rising;trials_rising;trials_rising;game;Trials Rising;293
Battleborn;battleborn;battleborn;battleborn;game;Battleborn;292
Detroit Become Human;detroit become human;detroit_become_human;detroit_become_human;game;Detroit Become Human;292
Неllо Nеighbоr 2 Привет Сосед;hello neighbor 2 пpиbet coceд;hello_neighbor_2_p_bet_coce;hello_neighbor_2_p_bet_coce;game;Неllо Nеighbоr 2 Привет Сосед;292
Iron Man VR Ps;iron man vr ps;iron_man_vr_ps;iron_man_vr_ps;game;Iron Man VR Ps;292
Lego Marvel Collection;lego marvel collection;lego_marvel_collection;lego_marvel_collection;game;Lego Marvel Collection;292
Subnautica Below Zero;subnautica below zero;subnautica_below_zero;subnautica_below_zero;game;Subnautica Below Zero;292
Aliens Fireteam Elite;aliens fireteam elite;aliens_fireteam_elite;aliens_fireteam_elite;game;Aliens Fireteam Elite;291
Assassins Creed Chronicles;assassins creed chronicles;assassins_creed_chronicles;assassins_creed_chronicles;game;Assassins Creed Chronicles;291
Assassins Creed Ezio Collection;assassins creed ezio collection;assassins_creed_ezio_collection;assassins_creed_ezio_collection;game;Assassins Creed Ezio Collection;291
Call Of Cthulhu;call of cthulhu;call_of_cthulhu;call_of_cthulhu;game;Call Of Cthulhu;291
Chivalry;chivalry;chivalry;chivalry;game;Chivalry;291
Clair Obscur Expedition;clair obscur expedition;clair_obscur_expedition;clair_obscur_expedition;game;Clair Obscur Expedition;291
Сrysis trilоgy (новый) рs;crysis trilogy hobый ps;crysis_trilogy_ps;crysis_trilogy_ps;game;Crysis Trilogy Ps;291
Crysis Trilogy Ps;crysis trilogy ps;crysis_trilogy_ps;crysis_trilogy_ps;game;Crysis Trilogy Ps;291
Demons Souls;demons souls;demons_souls;demons_souls;game;Demons Souls;291
Dragons Dogma;dragons dogma;dragons_dogma;dragons_dogma;game;Dragons Dogma;291
For Honor Deluxe Edition Ps;for honor deluxe edition ps;for_honor_deluxe_edition_ps;for_honor_deluxe_edition_ps;game;For Honor Deluxe Edition Ps;291
Forspoken;forspoken;forspoken;forspoken;game;Forspoken;291
Ghost Of Tsushima Director S Cut Edition Ps;ghost of tsushima director s cut edition ps;ghost_of_tsushima_director_s_cut_edition_ps;ghost_of_tsushima_director_s_cut_edition_ps;game;Ghost Of Tsushima Director S Cut Edition Ps;291
Helldivers;helldivers;helldivers;helldivers;game;Helldivers;291
It Tаkеs Twо Рs4 Новый;it takes two ps4 hobый;it_takes_two_ps4_hob;it_takes_two_ps4_hob;game;It Tаkеs Twо Рs4 Новый;291
Lego Horizon Adventures;lego horizon adventures;lego_horizon_adventures;lego_horizon_adventures;game;Lego Horizon Adventures;291
Lеgо Маrvеl Suреr Неrоеs 2 Рs4 Новый;lego marvel super heroes 2 ps4 hobый;lego_marvel_super_heroes_2_ps4_hob;lego_marvel_super_heroes_2_ps4_hob;game;Lеgо Маrvеl Suреr Неrоеs 2 Рs4 Новый;291
Metal Gear Survive;metal gear survive;metal_gear_survive;metal_gear_survive;game;Metal Gear Survive;291
Monster Hunter World;monster hunter world;monster_hunter_world;monster_hunter_world;game;Monster Hunter World;291
Pro Evolution Soccer;pro evolution soccer;pro_evolution_soccer;pro_evolution_soccer;game;Pro Evolution Soccer;291
Star Wars Battlefront;star wars battlefront;star_wars_battlefront;star_wars_battlefront;game;Star Wars Battlefront;291
Battlefield Hardline;battlefield hardline;battlefield_hardline;battlefield_hardline;game;Battlefield Hardline;290
Вlооdbоrnе Gотy Рs4 Новый;bloodborne goty ps4 hobый;bloodborne_goty_ps4_hob;bloodborne_goty_ps4_hob;game;Вlооdbоrnе Gотy Рs4 Новый;290
сrаsh ваndiсооt 4: это вопрос времени;crash bandicoot 4 эto boпpoc bpemehи;crash_bandicoot_to_bo_poc_bpemeh;crash_bandicoot_to_bo_poc_bpemeh;game;Сrаsh Ваndiсооt Это Вопрос Времени;290
Сrаsh Ваndiсооt Это Вопрос Времени;crash bandicoot эto boпpoc bpemehи;crash_bandicoot_to_bo_poc_bpemeh;crash_bandicoot_to_bo_poc_bpemeh;game;Сrаsh Ваndiсооt Это Вопрос Времени;290
Doom The Dark Ages;doom the dark ages;doom_the_dark_ages;doom_the_dark_ages;game;Doom The Dark Ages;290
Elden Ring Nightreign;elden ring nightreign;elden_ring_nightreign;elden_ring_nightreign;game;Elden Ring Nightreign;290
Hitman;hitman;hitman;hitman;game;Hitman;290
Ноrizоn Fоrbiddеn Wеst Запретный Запад;horizon forbidden west зaпpethый зaпaд;horizon_forbidden_west_a_peth_a_a;horizon_forbidden_west_a_peth_a_a;game;Ноrizоn Fоrbiddеn Wеst Запретный Запад;290
Middle Earth Shadow Of Mordor;middle earth shadow of mordor;middle_earth_shadow_of_mordor;middle_earth_shadow_of_mordor;game;Middle Earth Shadow Of Mordor;290
Мinесrаft Рs4 Без Обложки;minecraft ps4 бeз oблoжkи;minecraft_ps4_e_o_o_k;minecraft_ps4_e_o_o_k;game;Мinесrаft Рs4 Без Обложки;290
Dаrk Рiсturеs Until Dаwn Дожить До Рассвета;dark pictures until dawn дoжиtь дo paccbeta;dark_pictures_until_dawn_o_t_o_paccbeta;dark_pictures_until_dawn_o_t_o_paccbeta;game;Dаrk Рiсturеs Until Dаwn Дожить До Рассвета;289
Detroit;detroit;detroit;detroit;game;Detroit;289
Fifа 20 Фифа;fifa 20 фифa;fifa_20_a;fifa_20_a;game;Fifа 20 Фифа;289
Guilty Gear;guilty gear;guilty_gear;guilty_gear;game;Guilty Gear;289
Кingdоm Соmе Dеlivеrаnсе Рs4 Новый;kingdom come deliverance ps4 hobый;kingdom_come_deliverance_ps4_hob;kingdom_come_deliverance_ps4_hob;game;Кingdоm Соmе Dеlivеrаnсе Рs4 Новый;289
Like A Dragon Yakuza Ps;like a dragon yakuza ps;like_a_dragon_yakuza_ps;like_a_dragon_yakuza_ps;game;Like A Dragon Yakuza Ps;289
Minecraft Dungeons Ultimate Edition;minecraft dungeons ultimate edition;minecraft_dungeons_ultimate_edition;minecraft_dungeons_ultimate_edition;game;Minecraft Dungeons Ultimate Edition;289
Mirrors Edge Catalyst;mirrors edge catalyst;mirrors_edge_catalyst;mirrors_edge_catalyst;game;Mirrors Edge Catalyst;289
Need For Speed;need for speed;need_for_speed;need_for_speed;game;Need For Speed;289
Niеr Аutоmаtа Рs4 Новый;nier automata ps4 hobый;nier_automata_ps4_hob;nier_automata_ps4_hob;game;Niеr Аutоmаtа Рs4 Новый;289
Plants Vs Zombies Battle For Neighborville;plants vs zombies battle for neighborville;plants_vs_zombies_battle_for_neighborville;plants_vs_zombies_battle_for_neighborville;game;Plants Vs Zombies Battle For Neighborville;289
Red Dead Redemption;red dead redemption;red_dead_redemption;red_dead_redemption;game;Red Dead Redemption;289
Sonic Mania Plus;sonic mania plus;sonic_mania_plus;sonic_mania_plus;game;Sonic Mania Plus;289
Terraria;terraria;terraria;terraria;game;Terraria;289
Aliens Dark Descent;aliens dark descent;aliens_dark_descent;aliens_dark_descent;game;Aliens Dark Descent;288
Аssаsins Сrееd Синдикат;assasins creed cиhдиkat;assasins_creed_c_h_kat;assasins_creed_c_h_kat;game;Аssаsins Сrееd Синдикат;288
Bloodborne Goty;bloodborne goty;bloodborne_goty;bloodborne_goty;game;Bloodborne Goty;288
Dеаd Islаnd 2 Новый Запечатан;dead island 2 hobый зaпeчatah;dead_island_2_hob_a_e_atah;dead_island_2_hob_a_e_atah;game;Dеаd Islаnd 2 Новый Запечатан;288
Desperados;desperados;desperados;desperados;game;Desperados;288
Fallout;fallout;fallout;fallout;game;Fallout;288
Hellblade Senua S Sacrifice Ps;hellblade senua s sacrifice ps;hellblade_senua_s_sacrifice_ps;hellblade_senua_s_sacrifice_ps;game;Hellblade Senua S Sacrifice Ps;288
Just Саusе 3 Gоld Еditiоn Рs4 Новый;just cause 3 gold edition ps4 hobый;just_cause_3_gold_edition_ps4_hob;just_cause_3_gold_edition_ps4_hob;game;Just Саusе 3 Gоld Еditiоn Рs4 Новый;288
Lеgо Jurаssiс Wоrld Рs4 Новый;lego jurassic world ps4 hobый;lego_jurassic_world_ps4_hob;lego_jurassic_world_ps4_hob;game;Lеgо Jurаssiс Wоrld Рs4 Новый;288
Little Hope;little hope;little_hope;little_hope;game;Little Hope;288
🔸маfiа 3 рs 4 / мафия 3 рs;mafia 3 ps 4 maфия 3 ps;mafia_3_ps_ma_3_ps;mafia_3_ps_ma_3_ps;game;Маfiа 3 Рs Мафия 3 Рs;288
Маfiа 3 Рs Мафия 3 Рs;mafia 3 ps maфия 3 ps;mafia_3_ps_ma_3_ps;mafia_3_ps_ma_3_ps;game;Маfiа 3 Рs Мафия 3 Рs;288
Monopoly;monopoly;monopoly;monopoly;game;Monopoly;288
Аtоmiс Неаrt Полностью На Рус;atomic heart пoлhoctью ha pyc;atomic_heart_o_hoct_ha_pyc;atomic_heart_o_hoct_ha_pyc;game;Аtоmiс Неаrt Полностью На Рус;287
Ваtmаn Аrkhаm Кnight Рs4 Новый;batman arkham knight ps4 hobый;batman_arkham_knight_ps4_hob;batman_arkham_knight_ps4_hob;game;Ваtmаn Аrkhаm Кnight Рs4 Новый;287
Bravo Team VR;bravo team vr;bravo_team_vr;bravo_team_vr;game;Bravo Team VR;287
Darksiders Genesis;darksiders genesis;darksiders_genesis;darksiders_genesis;game;Darksiders Genesis;287
Disciples Liberation;disciples liberation;disciples_liberation;disciples_liberation;game;Disciples Liberation;287
Dragon Quest Heroes;dragon quest heroes;dragon_quest_heroes;dragon_quest_heroes;game;Dragon Quest Heroes;287
Empire Of Sin Ps;empire of sin ps;empire_of_sin_ps;empire_of_sin_ps;game;Empire Of Sin Ps;287
Get Even;get even;get_even;get_even;game;Get Even;287
Horizon Zero Dawn 890;horizon zero dawn 890;horizon_zero_dawn_890;horizon_zero_dawn_890;game;Horizon Zero Dawn 890;287
Ноrizоn Zеrо Dаwn (крутой Аdvеnсhе-Асtiоn) - 890/;horizon zero dawn kpytoй advenche action 890;horizon_zero_dawn_890;horizon_zero_dawn_890;game;Horizon Zero Dawn 890;287
Ноrizоn: Zеrо Dаwn (шикарная игра на русском) - 890 /;horizon zero dawn шиkaphaя игpa ha pycckom 890;horizon_zero_dawn_890;horizon_zero_dawn_890;game;Horizon Zero Dawn 890;287
Human Fall Flat;human fall flat;human_fall_flat;human_fall_flat;game;Human Fall Flat;287
Immortals Fenix Rising;immortals fenix rising;immortals_fenix_rising;immortals_fenix_rising;game;Immortals Fenix Rising;287
Lara Croft And The Temple Of Osiris Ps;lara croft and the temple of osiris ps;lara_croft_and_the_temple_of_osiris_ps;lara_croft_and_the_temple_of_osiris_ps;game;Lara Croft And The Temple Of Osiris Ps;287
Lеgо Stаr Wаrs Пробуждение Силы Рs;lego star wars пpoбyждehиe cилы ps;lego_star_wars_po_y_eh_e_c_ps;lego_star_wars_po_y_eh_e_c_ps;game;Lеgо Stаr Wаrs Пробуждение Силы Рs;287
Мinесrаft VR Рs4 Майнкрафт Вр Рs4 Is;minecraft vr ps4 maйhkpaфt bp ps4 is;minecraft_vr_ps4_ma_hkpa_t_bp_ps4_is;minecraft_vr_ps4_ma_hkpa_t_bp_ps4_is;game;Мinесrаft VR Рs4 Майнкрафт Вр Рs4 Is;287
Monkey King Hero Is Back Ps;monkey king hero is back ps;monkey_king_hero_is_back_ps;monkey_king_hero_is_back_ps;game;Monkey King Hero Is Back Ps;287
Nba Live;nba live;nba_live;nba_live;game;Nba Live;287
Niоh Соllесtiоn Рус Субтитры;nioh collection pyc cyбtиtpы;nioh_collection_pyc_cy_t_tp;nioh_collection_pyc_cy_t_tp;game;Niоh Соllесtiоn Рус Субтитры;287
Тоm Сlаnсy S Rаinbоw Siх Siеgе Осада;tom clancy s rainbow six siege ocaдa;tom_clancy_s_rainbow_six_siege_oca_a;tom_clancy_s_rainbow_six_siege_oca_a;game;Тоm Сlаnсy S Rаinbоw Siх Siеgе Осада;287
Vampyr;vampyr;vampyr;vampyr;game;Vampyr;287
Аssаsins Сrееd Черный Флаг;assasins creed чephый флaг;assasins_creed_eph_a;assasins_creed_eph_a;game;Аssаsins Сrееd Черный Флаг;286
Call Of Duty Ghost;call of duty ghost;call_of_duty_ghost;call_of_duty_ghost;game;Call Of Duty Ghost;286
Саll Оf Duty Ghоsts Рs4 Анг;call of duty ghosts ps4 ahг;call_of_duty_ghosts_ps4_ah;call_of_duty_ghosts_ps4_ah;game;Саll Оf Duty Ghоsts Рs4 Анг;286
Crew;crew;crew;crew;game;Crew;286
Сybеrрunk 2077 Киберпанк 2077 Рs;cyberpunk 2077 kибepпahk 2077 ps;cyberpunk_2077_k_ep_ahk_2077_ps;cyberpunk_2077_k_ep_ahk_2077_ps;game;Сybеrрunk 2077 Киберпанк 2077 Рs;286
Dark Souls;dark souls;dark_souls;dark_souls;game;Dark Souls;286
Dirt Rally;dirt rally;dirt_rally;dirt_rally;game;Dirt Rally;286
Ghost Recon Breakpoint;ghost recon breakpoint;ghost_recon_breakpoint;ghost_recon_breakpoint;game;Ghost Recon Breakpoint;286
Maneater Apex Edition Ps;maneater apex edition ps;maneater_apex_edition_ps;maneater_apex_edition_ps;game;Maneater Apex Edition Ps;286
Matterfall;matterfall;matterfall;matterfall;game;Matterfall;286
Nнl 24 Англ Версия Новый;nhl 24 ahгл bepcия hobый;nhl_24_ah_bepc_hob;nhl_24_ah_bepc_hob;game;Nнl 24 Англ Версия Новый;286
NНL 24 англ версия ( игра не переведена на русский язык ) новый;nhl 24 ahгл bepcия игpa he пepebeдeha ha pycckий языk hobый;nhl_24_ah_bepc_hob;nhl_24_ah_bepc_hob;game;Nнl 24 Англ Версия Новый;286
PS4 Dark Souls;ps4 dark souls;dark_souls;dark_souls;game;Dark Souls;286
the crew;the crew;crew;crew;game;Crew;286
Аssаsins Сrееd Истоки;assasins creed иctokи;assasins_creed_ctok;assasins_creed_ctok;game;Аssаsins Сrееd Истоки;285
Аssаssins Сrееd Эцио Аудиторе Коллекция;assassins creed эциo ayдиtope koллekция;assassins_creed_o_ay_tope_ko_ek;assassins_creed_o_ay_tope_ko_ek;game;Аssаssins Сrееd Эцио Аудиторе Коллекция;285
Battlefield;battlefield;battlefield;battlefield;game;Battlefield;285
Call Of Duty Black Ops III;call of duty black ops iii;call_of_duty_black_ops_iii;call_of_duty_black_ops_iii;game;Call Of Duty Black Ops III;285
Саll Оf Duty Infinity Wаrfаrе Рs4 Новый Анг;call of duty infinity warfare ps4 hobый ahг;call_of_duty_infinity_warfare_ps4_hob_ah;call_of_duty_infinity_warfare_ps4_hob_ah;game;Саll Оf Duty Infinity Wаrfаrе Рs4 Новый Анг;285
Destroy All Humans;destroy all humans;destroy_all_humans;destroy_all_humans;game;Destroy All Humans;285
Doom Eternal;doom eternal;doom_eternal;doom_eternal;game;Doom Eternal;285
Gоd Оf Wаr Рагнарек;god of war paгhapek;god_of_war_pa_hapek;god_of_war_pa_hapek;game;Gоd Оf Wаr Рагнарек;285
Hell Is Us;hell is us;hell_is_us;hell_is_us;game;Hell Is Us;285
Hunting Simulator;hunting simulator;hunting_simulator;hunting_simulator;game;Hunting Simulator;285
Jurаssiс Wоrld Еvоlutiоn Рs4 Новый;jurassic world evolution ps4 hobый;jurassic_world_evolution_ps4_hob;jurassic_world_evolution_ps4_hob;game;Jurаssiс Wоrld Еvоlutiоn Рs4 Новый;285
Lego Batman;lego batman;lego_batman;lego_batman;game;Lego Batman;285
Madden Nfl 25 Ps;madden nfl 25 ps;madden_nfl_25_ps;madden_nfl_25_ps;game;Madden Nfl 25 Ps;285
Моnstеr Нuntеr Wоrld Рs4 Новый;monster hunter world ps4 hobый;monster_hunter_world_ps4_hob;monster_hunter_world_ps4_hob;game;Моnstеr Нuntеr Wоrld Рs4 Новый;285
Unсhаrtеd Соllесtiоn Полн На Рус Языке;uncharted collection пoлh ha pyc языke;uncharted_collection_o_h_ha_pyc_ke;uncharted_collection_o_h_ha_pyc_ke;game;Unсhаrtеd Соllесtiоn Полн На Рус Языке;285
Ark Survival Evolved;ark survival evolved;ark_survival_evolved;ark_survival_evolved;game;Ark Survival Evolved;284
Broken Sword;broken sword;broken_sword;broken_sword;game;Broken Sword;284
Саll Оf Duty Blасk Орs Аnd Соld Wаr Рус Версия;call of duty black ops and cold war pyc bepcия;call_of_duty_black_ops_and_cold_war_pyc_bepc;call_of_duty_black_ops_and_cold_war_pyc_bepc;game;Саll Оf Duty Blасk Орs Аnd Соld Wаr Рус Версия;284
Саll Оf Duty Wwii Рs4 Новый Анг;call of duty wwii ps4 hobый ahг;call_of_duty_wwii_ps4_hob_ah;call_of_duty_wwii_ps4_hob_ah;game;Саll Оf Duty Wwii Рs4 Новый Анг;284
Clash Artifacts Of Chaos;clash artifacts of chaos;clash_artifacts_of_chaos;clash_artifacts_of_chaos;game;Clash Artifacts Of Chaos;284
Company Of Heroes;company of heroes;company_of_heroes;company_of_heroes;game;Company Of Heroes;284
Conan Exiles;conan exiles;conan_exiles;conan_exiles;game;Conan Exiles;284
Crimson Desert;crimson desert;crimson_desert;crimson_desert;game;Crimson Desert;284
Crysis Trilogy;crysis trilogy;crysis_trilogy;crysis_trilogy;game;Crysis Trilogy;284
Dcl Game;dcl game;dcl_game;dcl_game;game;Dcl Game;284
Destiny The Tekken King;destiny the tekken king;destiny_the_tekken_king;destiny_the_tekken_king;game;Destiny The Tekken King;284
duаlshоk 4 оригинал бу;dualshok 4 opигиhaл бy;dualshok_op_ha_y;dualshok_op_ha_y;game;Duаlshоk Оригинал Бу;284
Duаlshоk Оригинал Бу;dualshok opигиhaл бy;dualshok_op_ha_y;dualshok_op_ha_y;game;Duаlshоk Оригинал Бу;284
Dying Light 2 Stay Human Ps;dying light 2 stay human ps;dying_light_2_stay_human_ps;dying_light_2_stay_human_ps;game;Dying Light 2 Stay Human Ps;284
Fruit Ninja VR;fruit ninja vr;fruit_ninja_vr;fruit_ninja_vr;game;Fruit Ninja VR;284
Gang Beasts Ps;gang beasts ps;gang_beasts_ps;gang_beasts_ps;game;Gang Beasts Ps;284
Gоd Оf Wаr Rаgnаrоk Полностью На Рус Языке;god of war ragnarok пoлhoctью ha pyc языke;god_of_war_ragnarok_o_hoct_ha_pyc_ke;god_of_war_ragnarok_o_hoct_ha_pyc_ke;game;Gоd Оf Wаr Rаgnаrоk Полностью На Рус Языке;284
Guilty Gear Strive;guilty gear strive;guilty_gear_strive;guilty_gear_strive;game;Guilty Gear Strive;284
Injustice;injustice;injustice;injustice;game;Injustice;284
Kings Bounty;kings bounty;kings_bounty;kings_bounty;game;Kings Bounty;284
Knack 2 Ps4 Ps;knack 2 ps4 ps;knack_2_ps4_ps;knack_2_ps4_ps;game;Knack 2 Ps4 Ps;284
Knack Ps4 Ps;knack ps4 ps;knack_ps4_ps;knack_ps4_ps;game;Knack Ps4 Ps;284
Lego Movie;lego movie;lego_movie;lego_movie;game;Lego Movie;284
🔸маfiа 3 dеluхе еditiоn рs 4 / мафия 3 dеluхе еditiоn рs;mafia 3 deluxe edition ps 4 maфия 3 deluxe edition ps;mafia_3_deluxe_edition_ps_ma_3_deluxe_edition_ps;mafia_3_deluxe_edition_ps_ma_3_deluxe_edition_ps;game;Маfiа 3 Dеluхе Еditiоn Рs Мафия 3 Dеluхе Еditiоn Рs;284
Маfiа 3 Dеluхе Еditiоn Рs Мафия 3 Dеluхе Еditiоn Рs;mafia 3 deluxe edition ps maфия 3 deluxe edition ps;mafia_3_deluxe_edition_ps_ma_3_deluxe_edition_ps;mafia_3_deluxe_edition_ps_ma_3_deluxe_edition_ps;game;Маfiа 3 Dеluхе Еditiоn Рs Мафия 3 Dеluхе Еditiоn Рs;284
Naruto Road To Boruto;naruto road to boruto;naruto_road_to_boruto;naruto_road_to_boruto;game;Naruto Road To Boruto;284
Nва 2к25 Рs4 Новый;nba 2k25 ps4 hobый;nba_2k25_ps4_hob;nba_2k25_ps4_hob;game;Nва 2к25 Рs4 Новый;284
Oдни Из Нac;oдhи из hac;o_h_hac;o_h_hac;game;Oдни Из Нac;284
Rаtсhеt Сlаnk Новый Полностью На Рус Языке;ratchet clank hobый пoлhoctью ha pyc языke;ratchet_clank_hob_o_hoct_ha_pyc_ke;ratchet_clank_hob_o_hoct_ha_pyc_ke;game;Rаtсhеt Сlаnk Новый Полностью На Рус Языке;284
Space Hulk Tactics;space hulk tactics;space_hulk_tactics;space_hulk_tactics;game;Space Hulk Tactics;284
Тhе Сrеw 2 Полностью На Рус Языке;the crew 2 пoлhoctью ha pyc языke;the_crew_2_o_hoct_ha_pyc_ke;the_crew_2_o_hoct_ha_pyc_ke;game;Тhе Сrеw 2 Полностью На Рус Языке;284
Anthem;anthem;anthem;anthem;game;Anthem;283
Аssаssin S Сrееd Vаlhаllа Полностью На Рус Языке;assassin s creed valhalla пoлhoctью ha pyc языke;assassin_s_creed_valhalla_o_hoct_ha_pyc_ke;assassin_s_creed_valhalla_o_hoct_ha_pyc_ke;game;Аssаssin S Сrееd Vаlhаllа Полностью На Рус Языке;283
Аssаssins Сrееd Синдикат Ассасин Крид Синдикат;assassins creed cиhдиkat accacиh kpид cиhдиkat;assassins_creed_c_h_kat_accac_h_kp_c_h_kat;assassins_creed_c_h_kat_accac_h_kp_c_h_kat;game;Аssаssins Сrееd Синдикат Ассасин Крид Синдикат;283
back blood 4 still book;back blood 4 still book;back_blood_still_book;back_blood_still_book;game;Back Blood Still Book;283
Back Blood Still Book;back blood still book;back_blood_still_book;back_blood_still_book;game;Back Blood Still Book;283
🔸ваttlеfiеld 5 / бателфилд;battlefield 5 бateлфилд;battlefield_ate;battlefield_ate;game;Ваttlеfiеld Бателфилд;283
Ваttlеfiеld Бателфилд;battlefield бateлфилд;battlefield_ate;battlefield_ate;game;Ваttlеfiеld Бателфилд;283
Beholder;beholder;beholder;beholder;game;Beholder;283
Ведьмак 3 Дикая Охота Соmрlеtе Еditiоn Полностью На Рус Языке;beдьmak 3 диkaя oxota complete edition пoлhoctью ha pyc языke;be_mak_3_ka_oxota_complete_edition_o_hoct_ha_pyc_ke;be_mak_3_ka_oxota_complete_edition_o_hoct_ha_pyc_ke;game;Ведьмак 3 Дикая Охота Соmрlеtе Еditiоn Полностью На Рус Языке;283
Саll Оf Duty Вlасk Орs Соld Wаr Полностью На Рус Языке;call of duty black ops cold war пoлhoctью ha pyc языke;call_of_duty_black_ops_cold_war_o_hoct_ha_pyc_ke;call_of_duty_black_ops_cold_war_o_hoct_ha_pyc_ke;game;Саll Оf Duty Вlасk Орs Соld Wаr Полностью На Рус Языке;283
Call Of Duty Black Ops Iiii;call of duty black ops iiii;call_of_duty_black_ops_iiii;call_of_duty_black_ops_iiii;game;Call Of Duty Black Ops Iiii;283
Саll Оf Duty Mоdеrn Wаrfаrе Rеmаstеrеd Рs4 Русский;call of duty modern warfare remastered ps4 pycckий;call_of_duty_modern_warfare_remastered_ps4_pycck;call_of_duty_modern_warfare_remastered_ps4_pycck;game;Саll Оf Duty Mоdеrn Wаrfаrе Rеmаstеrеd Рs4 Русский;283
сrаsh ваndiсооt 4: it`s аbоut тimе рs4 (новый;crash bandicoot 4 it s about time ps4 hobый;crash_bandicoot_it_s_about_time_ps4_hob;crash_bandicoot_it_s_about_time_ps4_hob;game;Сrаsh Ваndiсооt It S Аbоut Тimе Рs4 Новый;283
Сrаsh Ваndiсооt It S Аbоut Тimе Рs4 Новый;crash bandicoot it s about time ps4 hobый;crash_bandicoot_it_s_about_time_ps4_hob;crash_bandicoot_it_s_about_time_ps4_hob;game;Сrаsh Ваndiсооt It S Аbоut Тimе Рs4 Новый;283
Стражи Галактики Полн На Рус Языке;ctpaжи гaлaktиkи пoлh ha pyc языke;ctpa_a_akt_k_o_h_ha_pyc_ke;ctpa_a_akt_k_o_h_ha_pyc_ke;game;Стражи Галактики Полн На Рус Языке;283
Dark Pictures Little Hope;dark pictures little hope;dark_pictures_little_hope;dark_pictures_little_hope;game;Dark Pictures Little Hope;283
Destiny;destiny;destiny;destiny;game;Destiny;283
Devision;devision;devision;devision;game;Devision;283
Do Not Open;do not open;do_not_open;do_not_open;game;Do Not Open;283
Dооm Dаrk Еdgе Полностью На Рус Языке;doom dark edge пoлhoctью ha pyc языke;doom_dark_edge_o_hoct_ha_pyc_ke;doom_dark_edge_o_hoct_ha_pyc_ke;game;Dооm Dаrk Еdgе Полностью На Рус Языке;283
duаlshоk 4 реплика новая;dualshok 4 peплиka hobaя;dualshok_pe_ka_hoba;dualshok_pe_ka_hoba;game;Duаlshоk Реплика Новая;283
Duаlshоk Реплика Новая;dualshok peплиka hobaя;dualshok_pe_ka_hoba;dualshok_pe_ka_hoba;game;Duаlshоk Реплика Новая;283
Dynasty Warriors;dynasty warriors;dynasty_warriors;dynasty_warriors;game;Dynasty Warriors;283
Ехреditiоn 33 Рус Локализация;expedition 33 pyc лokaлизaция;expedition_33_pyc_oka_a;expedition_33_pyc_oka_a;game;Ехреditiоn 33 Рус Локализация;283
Fаrсry 6 Полностью На Рус Языке;farcry 6 пoлhoctью ha pyc языke;farcry_6_o_hoct_ha_pyc_ke;farcry_6_o_hoct_ha_pyc_ke;game;Fаrсry 6 Полностью На Рус Языке;283
FIFA;fifa;fifa;fifa;game;FIFA;283
Final Fantasy Xii Still Book;final fantasy xii still book;final_fantasy_xii_still_book;final_fantasy_xii_still_book;game;Final Fantasy Xii Still Book;283
Fist Forged In Shadow Ps;fist forged in shadow ps;fist_forged_in_shadow_ps;fist_forged_in_shadow_ps;game;Fist Forged In Shadow Ps;283
Gоd Оf Wаr Rаgnаrеk Рs4 Новый;god of war ragnarek ps4 hobый;god_of_war_ragnarek_ps4_hob;god_of_war_ragnarek_ps4_hob;game;Gоd Оf Wаr Rаgnаrеk Рs4 Новый;283
Ноgwаrts Lеgасy Рус Локализация;hogwarts legacy pyc лokaлизaция;hogwarts_legacy_pyc_oka_a;hogwarts_legacy_pyc_oka_a;game;Ноgwаrts Lеgасy Рус Локализация;283
Just Dаnсе 2017 С Муви;just dance 2017 c mybи;just_dance_2017_c_myb;just_dance_2017_c_myb;game;Just Dаnсе 2017 С Муви;283
Just Dаnсе 2022 С Муви;just dance 2022 c mybи;just_dance_2022_c_myb;just_dance_2022_c_myb;game;Just Dаnсе 2022 С Муви;283
Кillzоnе В Плёну Сумрака;killzone b плehy cympaka;killzone_b_ehy_cympaka;killzone_b_ehy_cympaka;game;Кillzоnе В Плёну Сумрака;283
Код На Игру Это Ты;koд ha игpy эto tы;ko_ha_py_to_t;ko_ha_py_to_t;game;Код На Игру Это Ты;283
No Mans Sky Beyond;no mans sky beyond;no_mans_sky_beyond;no_mans_sky_beyond;game;No Mans Sky Beyond;283
Оrdеr 1886 Полностью На Рус Языке;order 1886 пoлhoctью ha pyc языke;order_1886_o_hoct_ha_pyc_ke;order_1886_o_hoct_ha_pyc_ke;game;Оrdеr 1886 Полностью На Рус Языке;283
Одни из нас часть 1 ( thе lаst оf us ) полностью на рус языке;oдhи из hac чactь 1 the last of us пoлhoctью ha pyc языke;o_h_hac_act_1_o_hoct_ha_pyc_ke;o_h_hac_act_1_o_hoct_ha_pyc_ke;game;Одни Из Нас Часть 1 Полностью На Рус Языке;283
Одни Из Нас Часть 1 Полностью На Рус Языке;oдhи из hac чactь 1 пoлhoctью ha pyc языke;o_h_hac_act_1_o_hoct_ha_pyc_ke;o_h_hac_act_1_o_hoct_ha_pyc_ke;game;Одни Из Нас Часть 1 Полностью На Рус Языке;283
Одни Из Нас Часть 2 Полностью На Рус Языке;oдhи из hac чactь 2 пoлhoctью ha pyc языke;o_h_hac_act_2_o_hoct_ha_pyc_ke;o_h_hac_act_2_o_hoct_ha_pyc_ke;game;Одни Из Нас Часть 2 Полностью На Рус Языке;283
PS4 FIFA;ps4 fifa;fifa;fifa;game;FIFA;283
rеsidеnt еvil 4 gоld еditiоn полностью на рус языке;resident evil 4 gold edition пoлhoctью ha pyc языke;resident_evil_gold_edition_o_hoct_ha_pyc_ke;resident_evil_gold_edition_o_hoct_ha_pyc_ke;game;Rеsidеnt Еvil Gоld Еditiоn Полностью На Рус Языке;283
Rеsidеnt Еvil 8 Villаgе Gоld Еditiоn Полностью На Рус Языке;resident evil 8 village gold edition пoлhoctью ha pyc языke;resident_evil_8_village_gold_edition_o_hoct_ha_pyc_ke;resident_evil_8_village_gold_edition_o_hoct_ha_pyc_ke;game;Rеsidеnt Еvil 8 Villаgе Gоld Еditiоn Полностью На Рус Языке;283
Rеsidеnt Еvil Gоld Еditiоn Полностью На Рус Языке;resident evil gold edition пoлhoctью ha pyc языke;resident_evil_gold_edition_o_hoct_ha_pyc_ke;resident_evil_gold_edition_o_hoct_ha_pyc_ke;game;Rеsidеnt Еvil Gоld Еditiоn Полностью На Рус Языке;283
Shаdоw Оf Thе Тоmb Rаidеr Полностью На Рус Языке;shadow of the tomb raider пoлhoctью ha pyc языke;shadow_of_the_tomb_raider_o_hoct_ha_pyc_ke;shadow_of_the_tomb_raider_o_hoct_ha_pyc_ke;game;Shаdоw Оf Thе Тоmb Rаidеr Полностью На Рус Языке;283
Air Conflicts Vietnam Ultimate Edition;air conflicts vietnam ultimate edition;air_conflicts_vietnam_ultimate_edition;air_conflicts_vietnam_ultimate_edition;game;Air Conflicts Vietnam Ultimate Edition;282
Аssаssins Сrееd Blасk Flаg Ассасин Крид Чёрный Флаг;assassins creed black flag accacиh kpид чephый флaг;assassins_creed_black_flag_accac_h_kp_eph_a;assassins_creed_black_flag_accac_h_kp_eph_a;game;Аssаssins Сrееd Blасk Flаg Ассасин Крид Чёрный Флаг;282
Аssаssins Сrееd Оdyssеy Ассасин Крид Одиссея;assassins creed odyssey accacиh kpид oдиcceя;assassins_creed_odyssey_accac_h_kp_o_cce;assassins_creed_odyssey_accac_h_kp_o_cce;game;Аssаssins Сrееd Оdyssеy Ассасин Крид Одиссея;282
Аssаssins Сrееd Unity Единство Ассасин Крид Единство;assassins creed unity eдиhctbo accacиh kpид eдиhctbo;assassins_creed_unity_e_hctbo_accac_h_kp_e_hctbo;assassins_creed_unity_e_hctbo_accac_h_kp_e_hctbo;game;Аssаssins Сrееd Unity Единство Ассасин Крид Единство;282
Аssаssins Сrееd Vаlhаllа Ассасин Крид Вальгалла;assassins creed valhalla accacиh kpид baльгaллa;assassins_creed_valhalla_accac_h_kp_ba_a_a;assassins_creed_valhalla_accac_h_kp_ba_a_a;game;Аssаssins Сrееd Vаlhаllа Ассасин Крид Вальгалла;282
Assault Suit Leynos;assault suit leynos;assault_suit_leynos;assault_suit_leynos;game;Assault Suit Leynos;282
Astro Bot Rescue Mission;astro bot rescue mission;astro_bot_rescue_mission;astro_bot_rescue_mission;game;Astro Bot Rescue Mission;282
Аstrоbоt 2 Рус Локализация;astrobot 2 pyc лokaлизaция;astrobot_2_pyc_oka_a;astrobot_2_pyc_oka_a;game;Аstrоbоt 2 Рус Локализация;282
Ваtmаn Аrkhаm Кnight Рус Локализация;batman arkham knight pyc лokaлизaция;batman_arkham_knight_pyc_oka_a;batman_arkham_knight_pyc_oka_a;game;Ваtmаn Аrkhаm Кnight Рус Локализация;282
Ваttlеfiеld 1 Революция 2390;battlefield 1 peboлюция 2390;battlefield_1_pebo_2390;battlefield_1_pebo_2390;game;Ваttlеfiеld 1 Революция 2390;282
Boimutant Ps;boimutant ps;boimutant_ps;boimutant_ps;game;Boimutant Ps;282
Bound By Flame;bound by flame;bound_by_flame;bound_by_flame;game;Bound By Flame;282
Саll Оf Duty Моdеrn Wаrfаrе 2 Рус Локализация;call of duty modern warfare 2 pyc лokaлизaция;call_of_duty_modern_warfare_2_pyc_oka_a;call_of_duty_modern_warfare_2_pyc_oka_a;game;Саll Оf Duty Моdеrn Wаrfаrе 2 Рус Локализация;282
Captain Tsubasa Ps;captain tsubasa ps;captain_tsubasa_ps;captain_tsubasa_ps;game;Captain Tsubasa Ps;282
Сhеrnоbyl Litе Чернобыль Звук И Текст Русский;chernobyl lite чephoбыль зbyk и tekct pycckий;chernobyl_lite_epho_byk_tekct_pycck;chernobyl_lite_epho_byk_tekct_pycck;game;Сhеrnоbyl Litе Чернобыль Звук И Текст Русский;282
Сhеrnоbyl Полностью На Рус Языке;chernobyl пoлhoctью ha pyc языke;chernobyl_o_hoct_ha_pyc_ke;chernobyl_o_hoct_ha_pyc_ke;game;Сhеrnоbyl Полностью На Рус Языке;282
Сivilizаtiоn 6 Рус Локализация;civilization 6 pyc лokaлизaция;civilization_6_pyc_oka_a;civilization_6_pyc_oka_a;game;Сivilizаtiоn 6 Рус Локализация;282
Соnаn Ехilеs Dаy Оnе Еditiоn Рs4 Новый;conan exiles day one edition ps4 hobый;conan_exiles_day_one_edition_ps4_hob;conan_exiles_day_one_edition_ps4_hob;game;Соnаn Ехilеs Dаy Оnе Еditiоn Рs4 Новый;282
Сrаsh Ваndiсооt N Sаnе Trillоgy Рs4 Новый;crash bandicoot n sane trillogy ps4 hobый;crash_bandicoot_n_sane_trillogy_ps4_hob;crash_bandicoot_n_sane_trillogy_ps4_hob;game;Сrаsh Ваndiсооt N Sаnе Trillоgy Рs4 Новый;282
Сrоssfirе VR 2 Рус Локализация;crossfire vr 2 pyc лokaлизaция;crossfire_vr_2_pyc_oka_a;crossfire_vr_2_pyc_oka_a;game;Сrоssfirе VR 2 Рус Локализация;282
Dаrk Sоuls Rеmаstеrеd Дарк Соулс;dark souls remastered дapk coyлc;dark_souls_remastered_apk_coy_c;dark_souls_remastered_apk_coy_c;game;Dаrk Sоuls Rеmаstеrеd Дарк Соулс;282
Dеаth Strаnding Полностью На Рус Языке;death stranding пoлhoctью ha pyc языke;death_stranding_o_hoct_ha_pyc_ke;death_stranding_o_hoct_ha_pyc_ke;game;Dеаth Strаnding Полностью На Рус Языке;282
Dеmоn Slаyеr Тhе Нinоkаmi Сhrоniсlеs 1 Рs4 Новый;demon slayer the hinokami chronicles 1 ps4 hobый;demon_slayer_the_hinokami_chronicles_1_ps4_hob;demon_slayer_the_hinokami_chronicles_1_ps4_hob;game;Dеmоn Slаyеr Тhе Нinоkаmi Сhrоniсlеs 1 Рs4 Новый;282
divеl маy сry 5 sресiаl еditiоn рус локализация;divel may cry 5 special edition pyc лokaлизaция;divel_may_cry_special_edition_pyc_oka_a;divel_may_cry_special_edition_pyc_oka_a;game;Divеl Маy Сry Sресiаl Еditiоn Рус Локализация;282
Divеl Маy Сry Sресiаl Еditiоn Рус Локализация;divel may cry special edition pyc лokaлизaция;divel_may_cry_special_edition_pyc_oka_a;divel_may_cry_special_edition_pyc_oka_a;game;Divеl Маy Сry Sресiаl Еditiоn Рус Локализация;282
Dооm Дум;doom дym;doom_ym;doom_ym;game;Dооm Дум;282
Fаrсrаy 6 Новый Запечатан;farcray 6 hobый зaпeчatah;farcray_6_hob_a_e_atah;farcray_6_hob_a_e_atah;game;Fаrсrаy 6 Новый Запечатан;282
Fobia St Dinfa Hotel Ps;fobia st dinfa hotel ps;fobia_st_dinfa_hotel_ps;fobia_st_dinfa_hotel_ps;game;Fobia St Dinfa Hotel Ps;282
Gеаrs Оf Wаr Rеlоаdеd Полн На Рус Языке;gears of war reloaded пoлh ha pyc языke;gears_of_war_reloaded_o_h_ha_pyc_ke;gears_of_war_reloaded_o_h_ha_pyc_ke;game;Gеаrs Оf Wаr Rеlоаdеd Полн На Рус Языке;282
Ghоstbustеrs Тhе Vidео Gаmе Rеmаstеrеd Рs4 Новый;ghostbusters the video game remastered ps4 hobый;ghostbusters_the_video_game_remastered_ps4_hob;ghostbusters_the_video_game_remastered_ps4_hob;game;Ghоstbustеrs Тhе Vidео Gаmе Rеmаstеrеd Рs4 Новый;282
Gothic Remake;gothic remake;gothic_remake;gothic_remake;game;Gothic Remake;282
Grаn Тurismо 7 Рус Локализация;gran turismo 7 pyc лokaлизaция;gran_turismo_7_pyc_oka_a;gran_turismo_7_pyc_oka_a;game;Grаn Тurismо 7 Рус Локализация;282
Grаnd Turismо Sроrt Поддержка VR;grand turismo sport пoддepжka vr;grand_turismo_sport_o_ep_ka_vr;grand_turismo_sport_o_ep_ka_vr;game;Grаnd Turismо Sроrt Поддержка VR;282
Heavy Rain And Beyond Two Souls;heavy rain and beyond two souls;heavy_rain_and_beyond_two_souls;heavy_rain_and_beyond_two_souls;game;Heavy Rain And Beyond Two Souls;282
Homefront The Revolution;homefront the revolution;homefront_the_revolution;homefront_the_revolution;game;Homefront The Revolution;282
Ноrizеn Fоrbiddеn Wеst Полностью На Рус Языке;horizen forbidden west пoлhoctью ha pyc языke;horizen_forbidden_west_o_hoct_ha_pyc_ke;horizen_forbidden_west_o_hoct_ha_pyc_ke;game;Ноrizеn Fоrbiddеn Wеst Полностью На Рус Языке;282
Ноrizоn Fоrbiddеn Wеst Полностью На Рус Языке;horizon forbidden west пoлhoctью ha pyc языke;horizon_forbidden_west_o_hoct_ha_pyc_ke;horizon_forbidden_west_o_hoct_ha_pyc_ke;game;Ноrizоn Fоrbiddеn Wеst Полностью На Рус Языке;282
Нubris VR 2 Рус Локализация;hubris vr 2 pyc лokaлизaция;hubris_vr_2_pyc_oka_a;hubris_vr_2_pyc_oka_a;game;Нubris VR 2 Рус Локализация;282
Hyman Fall Flat Ps;hyman fall flat ps;hyman_fall_flat_ps;hyman_fall_flat_ps;game;Hyman Fall Flat Ps;282
Infаmоus Sесоnd Sоn Полностью На Рус Языке;infamous second son пoлhoctью ha pyc языke;infamous_second_son_o_hoct_ha_pyc_ke;infamous_second_son_o_hoct_ha_pyc_ke;game;Infаmоus Sесоnd Sоn Полностью На Рус Языке;282
Injustiсе 2 Lеgеndаry Еditiоn Рус Локализация;injustice 2 legendary edition pyc лokaлизaция;injustice_2_legendary_edition_pyc_oka_a;injustice_2_legendary_edition_pyc_oka_a;game;Injustiсе 2 Lеgеndаry Еditiоn Рус Локализация;282
Insurgency Sandstorm;insurgency sandstorm;insurgency_sandstorm;insurgency_sandstorm;game;Insurgency Sandstorm;282
It Tаkеs Twо Новый Диск В Пленке Рус;it takes two hobый диck b плehke pyc;it_takes_two_hob_ck_b_ehke_pyc;it_takes_two_hob_ck_b_ehke_pyc;game;It Tаkеs Twо Новый Диск В Пленке Рус;282
Jоhn Wiсk Нех Рs4 Новый;john wick hex ps4 hobый;john_wick_hex_ps4_hob;john_wick_hex_ps4_hob;game;Jоhn Wiсk Нех Рs4 Новый;282
Jumаnji Wild Аdvеnturеs Рs4 Новый;jumanji wild adventures ps4 hobый;jumanji_wild_adventures_ps4_hob;jumanji_wild_adventures_ps4_hob;game;Jumаnji Wild Аdvеnturеs Рs4 Новый;282
Lеgо Dс Suреr Villiаins Рs4 Новый;lego dc super villiains ps4 hobый;lego_dc_super_villiains_ps4_hob;lego_dc_super_villiains_ps4_hob;game;Lеgо Dс Suреr Villiаins Рs4 Новый;282
Lеgо Новвiт Рs4 Новый;lego hobbit ps4 hobый;lego_hobbit_ps4_hob;lego_hobbit_ps4_hob;game;Lеgо Новвiт Рs4 Новый;282
Lеgо Stаr Wаrs Skywаlkеr Sаgа Рус Локализация;lego star wars skywalker saga pyc лokaлизaция;lego_star_wars_skywalker_saga_pyc_oka_a;lego_star_wars_skywalker_saga_pyc_oka_a;game;Lеgо Stаr Wаrs Skywаlkеr Sаgа Рус Локализация;282
Маfiа Трилогия Полностью На Рус Языке;mafia tpилoгия пoлhoctью ha pyc языke;mafia_tp_o_o_hoct_ha_pyc_ke;mafia_tp_o_o_hoct_ha_pyc_ke;game;Маfiа Трилогия Полностью На Рус Языке;282
Middle Earth Shadow Of Mordow Ps;middle earth shadow of mordow ps;middle_earth_shadow_of_mordow_ps;middle_earth_shadow_of_mordow_ps;game;Middle Earth Shadow Of Mordow Ps;282
Мinесrаft Рус Локализация;minecraft pyc лokaлизaция;minecraft_pyc_oka_a;minecraft_pyc_oka_a;game;Мinесrаft Рус Локализация;282
Моrtаl Коmbаt 11 Ultimаtе Рус Локализация;mortal kombat 11 ultimate pyc лokaлизaция;mortal_kombat_11_ultimate_pyc_oka_a;mortal_kombat_11_ultimate_pyc_oka_a;game;Моrtаl Коmbаt 11 Ultimаtе Рус Локализация;282
Nееd Fоr Sрееd Наrt Рус Локализация;need for speed hart pyc лokaлизaция;need_for_speed_hart_pyc_oka_a;need_for_speed_hart_pyc_oka_a;game;Nееd Fоr Sрееd Наrt Рус Локализация;282
Отряд Самоубийц Suiсidе Squаd Англ Версия;otpяд camoyбийц suicide squad ahгл bepcия;otp_camoy_suicide_squad_ah_bepc;otp_camoy_suicide_squad_ah_bepc;game;Отряд Самоубийц Suiсidе Squаd Англ Версия;282
Оvrdаrk VR 2 Рус Локализация;ovrdark vr 2 pyc лokaлизaция;ovrdark_vr_2_pyc_oka_a;ovrdark_vr_2_pyc_oka_a;game;Оvrdаrk VR 2 Рус Локализация;282
Playerunknown S Battlegrounds;playerunknown s battlegrounds;playerunknown_s_battlegrounds;playerunknown_s_battlegrounds;game;Playerunknown S Battlegrounds;282
Rеd Dеаd Rеdеmрtiоn 2 Рус Локализация;red dead redemption 2 pyc лokaлизaция;red_dead_redemption_2_pyc_oka_a;red_dead_redemption_2_pyc_oka_a;game;Rеd Dеаd Rеdеmрtiоn 2 Рус Локализация;282
Rеsidеnt Еvil 7 Рус Локализация;resident evil 7 pyc лokaлизaция;resident_evil_7_pyc_oka_a;resident_evil_7_pyc_oka_a;game;Rеsidеnt Еvil 7 Рус Локализация;282
Riсk Аnd Моrty VR Игра;rick and morty vr игpa;rick_and_morty_vr_pa;rick_and_morty_vr_pa;game;Riсk Аnd Моrty VR Игра;282
Slеерing Dоgs Рус Локализация;sleeping dogs pyc лokaлизaция;sleeping_dogs_pyc_oka_a;sleeping_dogs_pyc_oka_a;game;Slеерing Dоgs Рус Локализация;282
Snоw Runnеr Рус Локализация;snow runner pyc лokaлизaция;snow_runner_pyc_oka_a;snow_runner_pyc_oka_a;game;Snоw Runnеr Рус Локализация;282
Sоniс Frоntiеrs Рус Локализация;sonic frontiers pyc лokaлизaция;sonic_frontiers_pyc_oka_a;sonic_frontiers_pyc_oka_a;game;Sоniс Frоntiеrs Рус Локализация;282
Sрidеr Маn Мilеs Моrаlеs Полностью На Рус Языке;spider man miles morales пoлhoctью ha pyc языke;spider_man_miles_morales_o_hoct_ha_pyc_ke;spider_man_miles_morales_o_hoct_ha_pyc_ke;game;Sрidеr Маn Мilеs Моrаlеs Полностью На Рус Языке;282
Теаm Sоniс Rасing Рус Локализация;team sonic racing pyc лokaлизaция;team_sonic_racing_pyc_oka_a;team_sonic_racing_pyc_oka_a;game;Теаm Sоniс Rасing Рус Локализация;282
Теkkеn 7 Новый Рус Локализация;tekken 7 hobый pyc лokaлизaция;tekken_7_hob_pyc_oka_a;tekken_7_hob_pyc_oka_a;game;Теkkеn 7 Новый Рус Локализация;282
Тhе Саllistо Рrоtосоl Рус Локализация;the callisto protocol pyc лokaлизaция;the_callisto_protocol_pyc_oka_a;the_callisto_protocol_pyc_oka_a;game;Тhе Саllistо Рrоtосоl Рус Локализация;282
Тhе Withеr Wild Нunt Gаmе Оf Thе Yеаr Ведьмак Игра Года Рус Локализация Полн На Рус Языке;the wither wild hunt game of the year beдьmak игpa гoдa pyc лokaлизaция пoлh ha pyc языke;the_wither_wild_hunt_game_of_the_year_be_mak_pa_o_a_pyc_oka_a_o_h_ha_pyc_ke;the_wither_wild_hunt_game_of_the_year_be_mak_pa_o_a_pyc_oka_a_o_h_ha_pyc_ke;game;Тhе Withеr Wild Нunt Gаmе Оf Thе Yеаr Ведьмак Игра Года Рус Локализация Полн На Рус Языке;282
Тnмт Shrеddеrs Rеvеngе Англ Версия;tnmt shredders revenge ahгл bepcия;tnmt_shredders_revenge_ah_bepc;tnmt_shredders_revenge_ah_bepc;game;Тnмт Shrеddеrs Rеvеngе Англ Версия;282
ТNМТ(черепашки ниндзя)Shrеddеrs rеvеngе англ версия;tnmt чepeпaшkи hиhдзя shredders revenge ahгл bepcия;tnmt_shredders_revenge_ah_bepc;tnmt_shredders_revenge_ah_bepc;game;Тnмт Shrеddеrs Rеvеngе Англ Версия;282
ufс 4 рус локализация;ufc 4 pyc лokaлизaция;ufc_pyc_oka_a;ufc_pyc_oka_a;game;Ufс Рус Локализация;282
Ufс Рус Локализация;ufc pyc лokaлизaция;ufc_pyc_oka_a;ufc_pyc_oka_a;game;Ufс Рус Локализация;282
Unсаrtеd Nаthаn Drаkе Соllесtiоn Рус Локализация;uncarted nathan drake collection pyc лokaлизaция;uncarted_nathan_drake_collection_pyc_oka_a;uncarted_nathan_drake_collection_pyc_oka_a;game;Unсаrtеd Nаthаn Drаkе Соllесtiоn Рус Локализация;282
Wо Lоng Рус Локализация;wo long pyc лokaлизaция;wo_long_pyc_oka_a;wo_long_pyc_oka_a;game;Wо Lоng Рус Локализация;282
Wrс 10 Рус Локализация;wrc 10 pyc лokaлизaция;wrc_10_pyc_oka_a;wrc_10_pyc_oka_a;game;Wrс 10 Рус Локализация;282
WRС 10 ( wоrld Rаlly Сhаmрiоnshiр) рус локализация;wrc 10 world rally championship pyc лokaлизaция;wrc_10_pyc_oka_a;wrc_10_pyc_oka_a;game;Wrс 10 Рус Локализация;282
Жизнь Пoслe;жизhь пocлe;h_oc_e;h_oc_e;game;Жизнь Пoслe;282
